,RaceYear,Race,HorseNo,HorseName,Jockey,Trainer,ActualWeight,DeclaredHorseWeight,Draw,RatingN,Previous,WinOdds,JockeyName,J_1st,J_2nd,J_3rd,J_4th,J_5th,J_Total,J_TotalStakes,J_ratio_1st,J_ratio_Top5,J_Rate_win,J_Rate_place,J_Rate_show,TrainerName,T_1st,T_2nd,T_3rd,T_4th,T_5th,T_Total,T_TotalStakes,T_ratio_1st,T_ratio_Top5,T_Rate_win,T_Rate_place,T_Rate_show,HorseOrigin,Age,YearOfBirth,Color,Sex,H_SeasonalStake,H_TotalStake,H_1st,H_2nd,H_3rd,H_Total,H_Trainer,CurrentRating,StartofTheSeasonRating,H_Rate_win,H_Rate_place,H_Rate_show,H_Age,Previous_list,PreviousPlace,AvgPlace3,AvgPlace5,LastRace_nDays,WeightDiff,CombinedRating,RaceYear_norm,ActualWeight_norm,DeclaredHorseWeight_norm,Draw_norm,WinOdds_norm,J_Rate_win_norm,J_Rate_place_norm,J_Rate_show_norm,T_Rate_win_norm,T_Rate_place_norm,T_Rate_show_norm,H_TotalStake_norm,H_Total_norm,H_Rate_win_norm,H_Rate_place_norm,H_Rate_show_norm,H_Age_norm,PreviousPlace_norm,AvgPlace3_norm,AvgPlace5_norm,LastRace_nDays_norm,WeightDiff_norm,CombinedRating_norm
0,2022,1,1,勁弗,陳嘉熙,大衛希斯,135,1218,2,40,11/9/12/13/14,28.0,陳嘉熙,15.0,10.0,12.0,17.0,16.0,207.0,16600800.0,0.07246376811594203,0.33816425120772947,0.07246376811594203,0.12077294685990338,0.178743961352657,大衛希斯,36.0,40.0,42.0,31.0,34.0,433.0,55928990.0,0.08314087759815242,0.4226327944572748,0.08314087759815242,0.17551963048498845,0.27251732101616627,澳洲,3.0,2019.0,棕,閹,0.0,0.0,0.0,0.0,0.0,3.0,大衛希斯,40,52.0,0.0,0.0,0.0,3.0,"[11, 9, 12, 13, 14]",11,11.25,11.8,100.0,0.0,40,0.0,1.1572920330539884,1.2504626669583445,-1.2480754415067656,1.6282023766348879,0.542679652295783,0.052254712470811045,-0.11206316849675631,0.3727996709802477,0.5739207884707666,0.7069494324646286,-0.9150611963176003,-1.2912731489192228,-0.66501413799852,-1.0134192009471774,-1.5745248817986282,-1.3586354959881273,0.785697600516936,1.1822623908854817,1.395830535542052,0.0,0.0,1.1572920330539893
1,2022,1,2,雪茄之友,黃皓楠,丁冠豪,134,1135,11,39,10/1/2/10/5/2,22.0,黃皓楠,0.0,2.0,4.0,1.0,6.0,89.0,1521700.0,0.0,0.14606741573033707,0.0,0.02247191011235955,0.06741573033707865,丁冠豪,26.0,20.0,25.0,17.0,22.0,335.0,31164740.0,0.07761194029850746,0.3283582089552239,0.07761194029850746,0.1373134328358209,0.21194029850746268,澳洲,5.0,2017.0,棗,閹,1259700.0,1259700.0,2.0,2.0,0.0,18.0,丁冠豪,39,33.0,0.1111111111111111,0.2222222222222222,0.2222222222222222,5.0,"[10, 1, 2, 10, 5, 2]",10,5.75,5.0,100.0,0.0,39,0.0,0.9899727029738935,-0.048245170675138234,1.2480754415067656,0.9232680945079371,-1.7862612231377593,-1.6573104770761091,-1.4669419758687623,0.2247708840068678,-0.017792902222130834,0.016477332835657554,0.3822949852311382,-0.02116841227736431,2.598101761068859,2.078042036212025,0.8773152674469356,0.19409078514116102,0.48155659386521893,-0.8184893475361027,-1.1092964080114252,0.0,0.0,0.9899727029738944
2,2022,1,3,歡樂好友,何澤堯,蘇偉賢,133,1098,5,38,10/4/7/11/11/12,8.6,何澤堯,38.0,52.0,43.0,43.0,43.0,491.0,98185360.0,0.07739307535641547,0.4460285132382892,0.07739307535641547,0.18329938900203666,0.2708757637474542,蘇偉賢,22.0,28.0,37.0,46.0,45.0,429.0,34189010.0,0.05128205128205128,0.4149184149184149,0.05128205128205128,0.11655011655011654,0.20279720279720279,愛爾蘭,6.0,2016.0,棗,閹,764400.0,2177090.0,1.0,3.0,5.0,31.0,丁冠豪,38,48.0,0.03225806451612903,0.12903225806451613,0.2903225806451613,6.0,"[10, 4, 7, 11, 11, 12]",10,8.0,9.166666666666666,100.0,0.0,38,0.0,0.8226533728937986,-0.6271872187768113,-0.41602514716892186,-0.6510851355755864,0.7011045509505287,1.1396596112302482,1.0091926478489543,-0.4801713718042099,-0.3393621571177631,-0.08773796581598453,1.3271085022518552,1.0795890261455798,0.28234209076297706,0.7816228077259078,1.6286856357641248,0.9704539257058051,0.48155659386521893,0.0,0.4257078466169305,0.0,0.0,0.8226533728937995
3,2022,1,4,吉利大勝,馬雅,高伯新,132,1190,7,37,8/3/1/9/3/6,16.0,馬雅,22.0,12.0,22.0,16.0,25.0,265.0,23293350.0,0.0830188679245283,0.3660377358490566,0.0830188679245283,0.12830188679245283,0.21132075471698114,高伯新,18.0,13.0,13.0,17.0,18.0,243.0,41704900.0,0.07407407407407407,0.32510288065843623,0.07407407407407407,0.12757201646090535,0.18106995884773663,澳洲,5.0,2017.0,棕,閹,334100.0,1222805.0,1.0,0.0,4.0,22.0,高伯新,37,43.0,0.045454545454545456,0.045454545454545456,0.22727272727272727,5.0,"[8, 3, 1, 9, 3, 6]",8,5.25,5.0,100.0,0.0,37,0.0,0.6553340428137036,0.8123443602868081,0.1386750490563073,0.21833381238098626,0.8819140590570459,0.1831914151622797,0.2844005724503493,0.130049960745431,-0.16866186564809726,-0.3353905431077008,0.34429708389094554,0.31752618416046463,0.6698969116199532,-0.38107485698279514,0.9330389072025166,0.19409078514116102,-0.12672541943821528,-1.000375869210792,-1.1092964080114252,0.0,0.0,0.6553340428137046
4,2022,1,5,誠心所願,希威森,韋達,132,1077,9,37,2/6/5/8/10/6,5.6,希威森,18.0,17.0,21.0,19.0,19.0,240.0,20595830.0,0.075,0.39166666666666666,0.075,0.14583333333333334,0.23333333333333334,韋達,38.0,45.0,54.0,38.0,48.0,440.0,85517850.0,0.08636363636363636,0.5068181818181818,0.08636363636363636,0.18863636363636363,0.31136363636363634,紐西蘭,4.0,2018.0,棗,閹,228800.0,263800.0,0.0,1.0,0.0,10.0,韋達,37,46.0,0.0,0.1,0.1,4.0,"[2, 6, 5, 8, 10, 6]",2,5.25,6.166666666666667,100.0,0.0,37,0.0,0.6553340428137036,-0.9557759487804636,0.6933752452815365,-1.0035522766390619,0.6241925829359568,0.48808291702572226,0.5522964690332421,0.4590840769895273,0.777064546823888,1.1497294802453364,-0.6433754293154909,-0.6985576051530222,-0.66501413799852,0.3777383557744637,-0.47119681463812435,-0.5822723554234831,-1.951571459348518,-1.000375869210792,-0.6794952167154854,0.0,0.0,0.6553340428137046
5,2022,1,6,淺草飛,蔡明紹,黎昭昇,131,1156,6,36,5/11/14/12/7/9,6.6,蔡明紹,44.0,45.0,44.0,52.0,45.0,514.0,72970550.0,0.08560311284046693,0.4474708171206226,0.08560311284046693,0.17315175097276264,0.2587548638132296,黎昭昇,0.0,0.0,0.0,0.0,0.0,0.0,0.0,0.0,0.0,0.0,0.0,0.0,澳洲,6.0,2016.0,棗,閹,119600.0,651600.0,0.0,1.0,2.0,20.0,黎昭昇,36,54.0,0.0,0.05,0.15,6.0,"[5, 11, 14, 12, 7, 9]",5,10.5,9.666666666666666,100.0,0.0,36,0.0,0.48801471273360864,0.280343559328514,-0.1386750490563073,-0.8860632296179034,0.9649700989697247,0.9631808140073611,0.8616797457095172,-1.853169370040902,-2.144417458559398,-2.399271359424893,-0.24398293332072962,0.14817888594155018,-0.66501413799852,-0.31784042258635686,0.0804672189421274,0.9704539257058051,-1.0391484393933665,0.9094326083734474,0.6099083571723332,0.0,0.0,0.4880147127336097
6,2022,1,7,歐洲導彈,楊明綸,鄭俊偉,130,1034,4,35,10/2/3/11/11/7,7.6,楊明綸,10.0,18.0,18.0,20.0,21.0,313.0,17506150.0,0.03194888178913738,0.2779552715654952,0.03194888178913738,0.08945686900958466,0.14696485623003194,鄭俊偉,9.0,18.0,20.0,17.0,14.0,260.0,13047750.0,0.03461538461538462,0.3,0.03461538461538462,0.10384615384615385,0.18076923076923077,愛爾蘭,5.0,2017.0,棗,閹,265200.0,265200.0,0.0,1.0,0.0,16.0,鄭俊偉,35,59.0,0.0,0.0625,0.0625,5.0,"[10, 2, 3, 11, 11, 7]",10,6.5,7.333333333333333,100.0,0.0,35,0.0,0.3206953826535137,-1.6286004911688943,-0.6933752452815365,-0.7685741825967449,-0.7594438403587535,-0.4923669755337553,-0.49881894153932643,-0.9263957212311348,-0.5361131849749011,-0.33881831719074523,-0.6419335791494448,-0.1905157104962788,-0.66501413799852,-0.1439457279961518,-0.8849448398233133,0.19409078514116102,0.48155659386521893,-0.5456595650240684,-0.249694025419546,0.0,0.0,0.3206953826535148
7,2022,1,8,鴻圖巨星,班德禮,葉楚航,126,1065,8,31,13/11/9/8/9/6,22.0,班德禮,21.0,26.0,35.0,24.0,37.0,388.0,31382800.0,0.05412371134020619,0.36855670103092786,0.05412371134020619,0.1211340206185567,0.211340206185567,葉楚航,21.0,29.0,23.0,30.0,30.0,428.0,24709910.0,0.04906542056074766,0.3107476635514019,0.04906542056074766,0.11682242990654206,0.1705607476635514,澳洲,7.0,2015.0,棕,閹,119600.0,3102330.0,2.0,3.0,4.0,45.0,葉楚航,31,63.0,0.044444444444444446,0.1111111111111111,0.2,7.0,"[13, 11, 9, 8, 9, 6]",13,10.25,9.333333333333334,100.0,0.0,31,0.0,-0.348581937666866,-1.143540937353979,0.41602514716892186,0.9232680945079371,-0.04675847648662383,0.05853418976908086,0.28463729931036347,-0.5395182478962165,-0.3351447381891611,-0.4551771686511744,2.2800066791321876,2.265020113677981,0.6402322216284316,0.5323114176324236,0.6321312525223794,1.7468170662704492,1.3939796138203704,0.8184893475361027,0.48710801680206517,0.0,0.0,-0.34858193766686474
8,2022,1,9,豹子膽,蘇兆輝,徐雨石,126,1158,3,31,7/3/2/12/5/7,4.5,0,0.0,0.0,0.0,0.0,0.0,0.0,0.0,0.0,0.0,0.0,0.0,0.0,徐雨石,14.0,14.0,30.0,17.0,27.0,374.0,20446750.0,0.0374331550802139,0.2727272727272727,0.0374331550802139,0.0748663101604278,0.15508021390374332,澳洲,5.0,2017.0,棕,閹,27300.0,1319090.0,1.0,3.0,1.0,26.0,徐雨石,31,39.0,0.038461538461538464,0.15384615384615385,0.19230769230769232,5.0,"[7, 3, 2, 12, 5, 7]",7,6.0,6.0,100.0,0.0,31,0.0,-0.348581937666866,0.3116377240907666,-0.9707253433941511,-1.1327902283623361,-1.7862612231377593,-2.0481221769504465,-2.2874000347454233,-0.8509542536809637,-0.984934876692183,-0.631628176076904,0.443460329060764,0.6562207805982936,0.4645259809094189,1.1268231940091935,0.5472598627408022,0.19409078514116102,-0.4308664260899324,-0.7275460866987579,-0.7408953869006197,0.0,0.0,-0.34858193766686474
9,2022,1,10,運來孖寶,周俊樂,容天鵬,121,1254,1,26,10/14/12/14/9/13,15.0,周俊樂,27.0,33.0,27.0,37.0,35.0,389.0,42045200.0,0.06940874035989718,0.4087403598971722,0.06940874035989718,0.15424164524421594,0.2236503856041131,容天鵬,33.0,32.0,21.0,30.0,48.0,390.0,35935655.0,0.08461538461538462,0.4205128205128205,0.08461538461538462,0.16666666666666666,0.2205128205128205,紐西蘭,3.0,2019.0,棗,閹,0.0,0.0,0.0,0.0,0.0,6.0,容天鵬,26,52.0,0.0,0.0,0.0,3.0,"[10, 14, 12, 14, 9, 13]",10,12.5,12.0,100.0,0.0,26,0.0,-1.1851785880673407,1.8137576326788913,-1.52542553961938,0.1008447653598278,0.44449294186619415,0.6343128838836943,0.4344537569777924,0.41227732704964015,0.43681162250213984,0.11418908925789721,-0.9150611963176003,-1.0372522015908512,-0.66501413799852,-1.0134192009471774,-1.5745248817986282,-1.3586354959881273,0.48155659386521893,1.6369786950722054,1.4695107397642126,0.0,0.0,-1.1851785880673391
10,2022,1,11,精算赤焰,巴度,蔡約翰,119,1145,10,24,4/3/4/8/2/5,7.8,巴度,39.0,44.0,47.0,49.0,53.0,486.0,98145310.0,0.08024691358024691,0.4773662551440329,0.08024691358024691,0.17078189300411523,0.2674897119341564,蔡約翰,74.0,50.0,45.0,58.0,63.0,534.0,118487610.0,0.13857677902621723,0.5430711610486891,0.13857677902621723,0.23220973782771537,0.31647940074906367,愛爾蘭,5.0,2017.0,棗,閹,280800.0,280800.0,0.0,0.0,2.0,14.0,蔡約翰,24,31.0,0.0,0.0,0.14285714285714285,5.0,"[4, 3, 4, 8, 2, 5]",4,4.75,4.333333333333333,100.0,0.0,24,0.0,-1.5198172482275305,0.10822565313612476,0.9707253433941511,-0.7450763731925132,0.7928251537312373,0.9219663281645022,0.9679839642953748,1.8570106139582494,1.4519017105600482,1.2080402461121402,-0.6258672487277886,-0.3598630087151933,-0.66501413799852,-1.0134192009471774,0.0016580712878056757,0.19409078514116102,-1.3432894460450837,-1.1822623908854817,-1.3548970887519622,0.0,0.0,-1.519817248227529
11,2022,1,12,勇猛精靈,霍宏聲,告東尼,118,1127,12,23,11/6/9/14/12/10,26.0,霍宏聲,12.0,21.0,26.0,21.0,15.0,318.0,23291050.0,0.03773584905660377,0.29874213836477986,0.03773584905660377,0.10377358490566038,0.18553459119496854,告東尼,56.0,53.0,40.0,45.0,46.0,492.0,105658895.0,0.11382113821138211,0.4878048780487805,0.11382113821138211,0.22154471544715448,0.30284552845528456,澳洲,3.0,2019.0,棕,閹,119600.0,119600.0,0.0,0.0,1.0,8.0,告東尼,23,52.0,0.0,0.0,0.125,3.0,"[11, 6, 9, 14, 12, 10]",11,10.0,10.333333333333334,100.0,0.0,23,0.0,-1.6871365783076255,-0.17342182972414863,1.52542553961938,1.393224282592571,-0.573454276685575,-0.24338324215338844,-0.029420334975325594,1.1942164309234633,1.2867285150467929,1.0526379493517413,-0.7918859964182361,-0.8679049033719367,-0.66501413799852,-1.0134192009471774,-0.19536479784799848,-1.3586354959881273,0.785697600516936,0.7275460866987579,0.8555090379128706,0.0,0.0,-1.6871365783076238
12,2022,2,1,駿爵士,何澤堯,方嘉柏,135,1215,2,40,5/3/9/13/11/9,4.6,何澤堯,38.0,52.0,43.0,43.0,43.0,491.0,98185360.0,0.07739307535641547,0.4460285132382892,0.07739307535641547,0.18329938900203666,0.2708757637474542,方嘉柏,37.0,37.0,46.0,50.0,43.0,476.0,79866560.0,0.07773109243697479,0.4474789915966387,0.07773109243697479,0.15546218487394958,0.25210084033613445,澳洲,6.0,2016.0,棗,閹,829750.0,3842265.0,3.0,5.0,4.0,40.0,方嘉柏,40,57.0,0.075,0.2,0.3,6.0,"[5, 3, 9, 13, 11, 9]",5,7.5,8.333333333333334,100.0,0.0,40,0.0,1.4125832212317329,1.8357544752132227,-1.2480754415067656,-0.9030636415545564,0.8301366018347494,1.1785296574732729,1.0028290904632662,0.7180217521310546,0.7066114298335403,0.7658519472737886,2.1747358810282953,1.7070140152141504,0.9485581877637784,1.990586413721732,1.6762087707924693,0.9205890922282104,-0.5630797665778906,-0.3240806205060253,0.1383476175181078,0.0,0.0,1.4125832212317297
13,2022,2,2,陽明冠爵,霍宏聲,韋達,135,1140,1,40,9/9/14/12/6/5,9.5,霍宏聲,12.0,21.0,26.0,21.0,15.0,318.0,23291050.0,0.03773584905660377,0.29874213836477986,0.03773584905660377,0.10377358490566038,0.18553459119496854,韋達,38.0,45.0,54.0,38.0,48.0,440.0,85517850.0,0.08636363636363636,0.5068181818181818,0.08636363636363636,0.18863636363636363,0.31136363636363634,澳洲,5.0,2017.0,棗,閹,1179100.0,1472120.0,2.0,1.0,2.0,22.0,韋達,40,35.0,0.09090909090909091,0.13636363636363635,0.22727272727272727,5.0,"[9, 9, 14, 12, 6, 5]",9,11.0,9.166666666666666,100.0,0.0,40,0.0,1.4125832212317329,0.5500120412117429,-1.52542553961938,-0.5070894273606122,-0.4773512548913056,-0.14609093643860205,0.07691851283791278,0.9864342873870691,1.2451488611073027,1.3836786296312351,0.36766364923752276,0.2778860024767222,1.319607877733331,1.0872479503697774,1.0614473014536,0.13151272746117312,0.7239596998858593,1.7699787735329098,0.8929709857986908,0.0,0.0,1.4125832212317297
14,2022,2,3,尊才,巴度,葉楚航,132,1115,9,37,10/2/9/7/10/11,13.0,巴度,39.0,44.0,47.0,49.0,53.0,486.0,98145310.0,0.08024691358024691,0.4773662551440329,0.08024691358024691,0.17078189300411523,0.2674897119341564,葉楚航,21.0,29.0,23.0,30.0,30.0,428.0,24709910.0,0.04906542056074766,0.3107476635514019,0.04906542056074766,0.11682242990654206,0.1705607476635514,愛爾蘭,5.0,2017.0,灰,閹,156600.0,156600.0,0.0,0.0,0.0,11.0,葉楚航,37,63.0,0.0,0.0,0.0,5.0,"[10, 2, 9, 7, 10, 11]",10,7.0,8.166666666666666,100.0,0.0,37,0.0,0.8936750991466068,0.12143122987791624,0.6933752452815365,-0.2242507029363664,0.9242268640863475,0.970032136807377,0.9660920607676431,-0.17328279592361268,0.07934784226369365,-0.08422007618663219,-0.6353296960495365,-0.5954700053072618,-0.8006760649498262,-0.8484773282415525,-0.8596822902303661,0.13151272746117312,1.0457195665017969,-0.6232319625115874,-0.012577056138010093,0.0,0.0,0.8936750991466046
15,2022,2,4,開心再來,潘明輝,沈集成,130,1008,8,35,5/12/10/7/12/9,17.0,潘明輝,27.0,35.0,34.0,41.0,38.0,491.0,47504550.0,0.054989816700611,0.3564154786150713,0.054989816700611,0.12627291242362526,0.1955193482688391,沈集成,41.0,37.0,40.0,37.0,32.0,410.0,108393940.0,0.1,0.4560975609756098,0.1,0.1902439024390244,0.28780487804878047,紐西蘭,4.0,2018.0,棗,閹,0.0,0.0,0.0,0.0,0.0,6.0,沈集成,35,52.0,0.0,0.0,0.0,4.0,"[5, 12, 10, 7, 12, 9]",5,8.5,9.166666666666666,100.0,0.0,35,0.0,0.5477363510898561,-1.7128946426308618,0.41602514716892186,0.09899355354848602,0.09150731843233659,0.22866884019121334,0.18524831325201607,1.4104310798047557,1.271245055489624,1.1380737904101206,-0.7547264044781072,-0.9924500088454363,-0.8006760649498262,-0.8484773282415525,-0.8596822902303661,-0.6575636373058642,-0.5630797665778906,0.274222063505099,0.8929709857986908,0.0,0.0,0.5477363510898545
16,2022,2,5,亟多福,班德禮,苗禮德,129,1067,10,34,10/13/10/12/5/5,44.0,班德禮,21.0,26.0,35.0,24.0,37.0,388.0,31382800.0,0.05412371134020619,0.36855670103092786,0.05412371134020619,0.1211340206185567,0.211340206185567,苗禮德,22.0,21.0,19.0,27.0,18.0,326.0,33709990.0,0.06748466257668712,0.3282208588957055,0.06748466257668712,0.13190184049079753,0.1901840490797546,澳洲,3.0,2019.0,棕,閹,0.0,59500.0,0.0,0.0,0.0,6.0,苗禮德,34,48.0,0.0,0.0,0.0,3.0,"[10, 13, 10, 12, 5, 5]",10,11.25,9.166666666666666,100.0,0.0,34,0.0,0.37476697706148077,-0.7014439278830309,0.9707253433941511,2.28089228482124,0.06295206263069701,0.14307295100498932,0.35689699411818404,0.39942850320143747,0.3241414541666997,0.12035682574095768,-0.7093617547239568,-0.9924500088454363,-0.8006760649498262,-0.8484773282415525,-0.8596822902303661,-1.4466400020729013,1.0457195665017969,1.9195544445356907,0.8929709857986908,0.0,0.0,0.37476697706147943
17,2022,2,6,富存英雄,希威森,高伯新,127,1181,6,32,1/11/14/4/7/8,9.1,希威森,18.0,17.0,21.0,19.0,19.0,240.0,20595830.0,0.075,0.39166666666666666,0.075,0.14583333333333334,0.23333333333333334,高伯新,18.0,13.0,13.0,17.0,18.0,243.0,41704900.0,0.07407407407407407,0.32510288065843623,0.07407407407407407,0.12757201646090535,0.18106995884773663,澳洲,5.0,2017.0,栗,閹,166400.0,1428900.0,2.0,0.0,3.0,23.0,高伯新,32,46.0,0.08695652173913043,0.08695652173913043,0.21739130434782608,5.0,"[1, 11, 14, 4, 7, 8]",1,7.5,7.5,100.0,0.0,32,0.0,0.028828229004730047,1.2528845717992185,-0.1386750490563073,-0.5394138530090975,0.7512375647440371,0.5544767544523961,0.5955118203751388,0.6043137213810057,0.25385268145509254,0.02534058438540383,0.3347113776009785,0.35728200318435704,1.2274216193558023,0.3858982117424841,0.9779199279021233,0.13151272746117312,-1.8501192330416405,-0.3240806205060253,-0.6162757507624769,0.0,0.0,0.028828229004729377
18,2022,2,7,投資有利,波健士,鄭俊偉,127,1109,3,32,7/6/7/10/10/6,8.5,波健士,18.0,24.0,20.0,44.0,30.0,387.0,35957000.0,0.046511627906976744,0.35142118863049093,0.046511627906976744,0.10852713178294573,0.16020671834625322,鄭俊偉,9.0,18.0,20.0,17.0,14.0,260.0,13047750.0,0.03461538461538462,0.3,0.03461538461538462,0.10384615384615385,0.18076923076923077,澳洲,4.0,2018.0,棗,閹,0.0,0.0,0.0,0.0,0.0,8.0,鄭俊偉,32,52.0,0.0,0.0,0.0,4.0,"[7, 6, 7, 10, 10, 6]",7,7.5,7.666666666666667,100.0,0.0,32,0.0,0.028828229004730047,0.018571835157797853,-0.9707253433941511,-0.5879004914818253,-0.18801623702016215,-0.06691354038050196,-0.19787669653131285,-0.622579181274921,-0.13130425637931,0.022205433101809516,-0.7547264044781072,-0.8336580074301665,-0.8006760649498262,-0.8484773282415525,-0.8596822902303661,-0.6575636373058642,0.08043996665398437,-0.3240806205060253,-0.46535107710635976,0.0,0.0,0.028828229004729377
19,2022,2,8,銀亮之星,蘇兆輝,蘇偉賢,125,1096,5,30,9/2/6/5/5/6,11.0,0,0.0,0.0,0.0,0.0,0.0,0.0,0.0,0.0,0.0,0.0,0.0,0.0,蘇偉賢,22.0,28.0,37.0,46.0,45.0,429.0,34189010.0,0.05128205128205128,0.4149184149184149,0.05128205128205128,0.11655011655011654,0.20279720279720279,澳洲,8.0,2014.0,栗,閹,54600.0,3196000.0,3.0,3.0,4.0,44.0,蘇偉賢,30,44.0,0.06818181818181818,0.13636363636363635,0.22727272727272727,8.0,"[9, 2, 6, 5, 5, 6]",9,5.5,5.5,100.0,0.0,30,0.0,-0.31711051905202065,-0.204290186735792,-0.41602514716892186,-0.3858728311787926,-1.7214918317372223,-1.8745943980762048,-1.93604235194474,-0.10436087943108195,0.07492720727160503,0.25185151444412224,1.682003353744832,2.02459801804469,0.7895368920625415,1.0872479503697774,1.0614473014536,2.4987418217622848,0.7239596998858593,-1.520685988528274,-2.4273718346358786,0.0,0.0,-0.3171105190520207
20,2022,2,9,驛驛其達,馬雅,伍鵬志,124,1112,7,29,2/4/10/10/11/10,4.0,馬雅,22.0,12.0,22.0,16.0,25.0,265.0,23293350.0,0.0830188679245283,0.3660377358490566,0.0830188679245283,0.12830188679245283,0.21132075471698114,0,0.0,0.0,0.0,0.0,0.0,0.0,0.0,0.0,0.0,0.0,0.0,0.0,紐西蘭,4.0,2018.0,棕,閹,0.0,0.0,0.0,0.0,0.0,9.0,大衛希斯,29,49.0,0.0,0.0,0.0,4.0,"[2, 4, 10, 10, 11, 10]",2,6.5,7.833333333333333,100.0,0.0,29,0.0,-0.490079893080396,0.07000153251785705,0.1386750490563073,-0.9515502800272844,1.0156174373237945,0.26246442722119484,0.3566859550619427,-1.6988787312582792,-1.8171045693422958,-1.8623505042628843,-0.7547264044781072,-0.7542620067225315,-0.8006760649498262,-0.8484773282415525,-0.8596822902303661,-0.6575636373058642,-1.5283593664257031,-0.9223833045171496,-0.3144264034502435,0.0,0.0,-0.49007989308039573
21,2022,2,10,合金皇,楊明綸,丁冠豪,122,1104,12,27,9/12/7/7/12/10,34.0,楊明綸,10.0,18.0,18.0,20.0,21.0,313.0,17506150.0,0.03194888178913738,0.2779552715654952,0.03194888178913738,0.08945686900958466,0.14696485623003194,丁冠豪,26.0,20.0,25.0,17.0,22.0,335.0,31164740.0,0.07761194029850746,0.3283582089552239,0.07761194029850746,0.1373134328358209,0.21194029850746268,澳洲,5.0,2017.0,棗,閹,581100.0,1129850.0,2.0,0.0,2.0,22.0,丁冠豪,27,29.0,0.09090909090909091,0.09090909090909091,0.18181818181818182,5.0,"[9, 12, 7, 7, 12, 10]",9,8.75,9.5,100.0,0.0,27,0.0,-0.8360186411371467,-0.06714432710896746,1.52542553961938,1.472781643609109,-0.6681459759411587,-0.3845571415730376,-0.3415445163439036,0.7143169429995984,0.4119912563113592,0.34717014380013556,0.10670636064335336,0.2778860024767222,1.319607877733331,0.4420061908326677,0.6772213831168069,0.13151272746117312,0.7239596998858593,0.42379773450788005,1.194820333110925,0.0,0.0,-0.8360186411371457
22,2022,2,11,小玩家,蔡明紹,黎昭昇,119,1126,4,24,9/10/7/5/11/10,9.6,蔡明紹,44.0,45.0,44.0,52.0,45.0,514.0,72970550.0,0.08560311284046693,0.4474708171206226,0.08560311284046693,0.17315175097276264,0.2587548638132296,黎昭昇,0.0,0.0,0.0,0.0,0.0,0.0,0.0,0.0,0.0,0.0,0.0,0.0,紐西蘭,5.0,2017.0,棗,閹,91000.0,211000.0,0.0,0.0,0.0,16.0,黎昭昇,24,43.0,0.0,0.0,0.0,5.0,"[9, 10, 7, 5, 11, 10]",9,7.75,8.666666666666666,100.0,0.0,24,0.0,-1.3549267632222728,0.31000678686479993,-0.6933752452815365,-0.49900832094849096,1.1008192822751104,1.009505647394107,0.8713231698885888,-1.6988787312582792,-1.8171045693422958,-1.8623505042628843,-0.5938534448457418,-0.19849000176908727,-0.8006760649498262,-0.8484773282415525,-0.8596822902303661,0.13151272746117312,0.7239596998858593,-0.17450494950324422,0.4401969648303404,0.0,0.0,-1.354926763222271
23,2022,2,12,旅遊達人,麥利奧,徐雨石,117,1022,11,22,5/9/6/11/9/5,25.0,0,0.0,0.0,0.0,0.0,0.0,0.0,0.0,0.0,0.0,0.0,0.0,0.0,徐雨石,14.0,14.0,30.0,17.0,27.0,374.0,20446750.0,0.0374331550802139,0.2727272727272727,0.0374331550802139,0.0748663101604278,0.15508021390374332,紐西蘭,4.0,2018.0,棕,閹,162500.0,382500.0,0.0,1.0,0.0,15.0,徐雨石,22,44.0,0.0,0.06666666666666667,0.06666666666666667,4.0,"[5, 9, 6, 11, 9, 5]",5,7.75,7.5,100.0,0.0,22,0.0,-1.7008655112790234,-1.472889388283919,1.2480754415067656,0.7454820665181908,-1.7214918317372223,-1.8745943980762048,-1.93604235194474,-0.5349659677587476,-0.6017523928350137,-0.24560778407517325,-0.4630965132014257,-0.2778860024767222,-0.8006760649498262,0.09787725241287559,-0.2961509433364027,-0.6575636373058642,-0.5630797665778906,-0.17450494950324422,-0.6162757507624769,0.0,0.0,-1.700865511279021
24,2022,3,1,紅衣火旺,蔡明紹,羅富全,135,1164,11,60,8/4/5/4/3/3,12.0,蔡明紹,44.0,45.0,44.0,52.0,45.0,514.0,72970550.0,0.08560311284046693,0.4474708171206226,0.08560311284046693,0.17315175097276264,0.2587548638132296,羅富全,74.0,56.0,58.0,47.0,34.0,485.0,101923200.0,0.15257731958762888,0.554639175257732,0.15257731958762888,0.26804123711340205,0.38762886597938145,澳洲,4.0,2018.0,棗,閹,2221800.0,2651800.0,2.0,2.0,4.0,18.0,羅富全,60,51.0,0.1111111111111111,0.2222222222222222,0.4444444444444444,4.0,"[8, 4, 5, 4, 3, 3]",8,5.25,4.5,100.0,0.0,60,0.0,1.6774976587240236,0.8601300282841811,1.2480754415067654,-0.35170473462396706,1.1511847802685315,1.2464384037059806,1.0804671367939849,2.1160060292106007,1.9389818322808832,1.8800075550626276,1.0968677367252384,0.5289624982012536,0.767985685583926,0.5434983458069491,1.035431102333913,0.2472066162365221,-0.0749914787251898,-0.6802865778281049,-0.8637930421711529,0.0,0.0,1.6774976587240225
25,2022,3,2,高高,馬雅,苗禮德,132,1094,10,57,11/4/9/1/1/9,15.0,馬雅,22.0,12.0,22.0,16.0,25.0,265.0,23293350.0,0.0830188679245283,0.3660377358490566,0.0830188679245283,0.12830188679245283,0.21132075471698114,苗禮德,22.0,21.0,19.0,27.0,18.0,326.0,33709990.0,0.06748466257668712,0.3282208588957055,0.06748466257668712,0.13190184049079753,0.1901840490797546,澳洲,4.0,2018.0,棗,閹,1801800.0,1836800.0,3.0,1.0,0.0,12.0,苗禮德,57,49.0,0.25,0.3333333333333333,0.3333333333333333,4.0,"[11, 4, 9, 1, 1, 9]",11,6.25,5.833333333333333,100.0,0.0,57,0.0,1.0795777011590253,-0.26177870426040134,0.9707253433941508,-0.18083603764066325,1.0650449474996366,0.422428005881052,0.5096761096027754,-0.4202393153160341,-0.6501711101457797,-0.8712205944542621,0.49282520658057427,0.04068942293855797,2.503656428661945,1.2553677682443016,0.5082790495212822,0.2472066162365221,0.8249062659770877,-0.3174670696531156,-0.3947651459696221,0.0,0.0,1.0795777011590242
26,2022,3,3,風繼續吹,梁家俊,姚本輝,131,1124,6,56,8/6/2/8/3/6,4.9,梁家俊,35.0,30.0,43.0,39.0,42.0,487.0,56294300.0,0.07186858316221766,0.38809034907597534,0.07186858316221766,0.13347022587268995,0.22176591375770022,姚本輝,38.0,47.0,44.0,44.0,31.0,438.0,52789140.0,0.0867579908675799,0.4657534246575342,0.0867579908675799,0.19406392694063926,0.2945205479452055,澳洲,3.0,2019.0,栗,閹,806000.0,806000.0,0.0,3.0,1.0,7.0,姚本輝,56,52.0,0.0,0.42857142857142855,0.5714285714285714,3.0,"[8, 6, 2, 8, 3, 6]",8,6.0,5.5,100.0,0.0,56,0.0,0.8802710486373594,0.2190393239729911,-0.13867504905630726,-0.7560939841511195,0.6933759702958496,0.5173840379546121,0.6353663180122999,0.15421553035913113,0.5320520598683638,0.5826211280488521,-0.2711588916686524,-0.36620480644702175,-0.6205509088784893,1.8655415589048892,1.6378905912626338,-0.2472066162365221,-0.0749914787251898,-0.4081719466968629,-0.5120221200200047,0.0,0.0,0.8802710486373581
27,2022,3,4,喜駿之星,潘明輝,文家良,130,1152,8,55,2/2/4/1/2/2,4.9,潘明輝,27.0,35.0,34.0,41.0,38.0,491.0,47504550.0,0.054989816700611,0.3564154786150713,0.054989816700611,0.12627291242362526,0.1955193482688391,文家良,27.0,32.0,24.0,38.0,28.0,373.0,34799210.0,0.07238605898123325,0.39946380697050937,0.07238605898123325,0.1581769436997319,0.2225201072386059,澳洲,6.0,2016.0,棗,閹,821600.0,3332510.0,2.0,6.0,4.0,32.0,文家良,55,54.0,0.0625,0.25,0.375,6.0,"[2, 2, 4, 1, 2, 2]",2,2.25,2.1666666666666665,100.0,0.0,55,0.0,0.6809643961156933,0.6678028169908241,0.4160251471689218,-0.7560939841511195,0.13076129264640374,0.38515039072233787,0.3195323251100648,-0.274149814184212,-0.1504607950298322,-0.4206447077432289,1.601380363344593,1.6682663404808769,0.16050092550661932,0.7214657014162873,0.7059610693260189,1.2360330811826106,-1.8747869681297449,-1.7687451023530725,-1.6845918605238324,0.0,0.0,0.680964396115692
28,2022,3,5,喜中喜,巴度,葉楚航,127,1141,1,52,-,9.4,巴度,39.0,44.0,47.0,49.0,53.0,486.0,98145310.0,0.08024691358024691,0.4773662551440329,0.08024691358024691,0.17078189300411523,0.2674897119341564,葉楚航,21.0,29.0,23.0,30.0,30.0,428.0,24709910.0,0.04906542056074766,0.3107476635514019,0.04906542056074766,0.11682242990654206,0.1705607476635514,0,0.0,0.0,0,0,0.0,0.0,0.0,0.0,0.0,0.0,0,52,0.0,0.0,0.0,0.0,0.0,[10],10,10.0,10.0,100.0,0.0,52,0.0,0.08304443855069513,0.49150287330524683,-1.5254255396193799,-0.4997909386761637,0.9726482546835903,1.202897856968025,1.1855765828507534,-0.9692375303632951,-0.9369573105614951,-1.144654863788151,-0.8685310135049705,-0.9358567275868334,-0.6205509088784893,-0.8802404990677556,-1.0731771089166098,-1.7304463136556547,0.5249403510763285,1.043106086003094,1.0709470296601624,0.0,0.0,0.08304443855069372
29,2022,3,6,至尊高飛,波健士,蔡約翰,127,1155,7,52,-,14.0,波健士,18.0,24.0,20.0,44.0,30.0,387.0,35957000.0,0.046511627906976744,0.35142118863049093,0.046511627906976744,0.10852713178294573,0.16020671834625322,蔡約翰,74.0,50.0,45.0,58.0,63.0,534.0,118487610.0,0.13857677902621723,0.5430711610486891,0.13857677902621723,0.23220973782771537,0.31647940074906367,0,0.0,0.0,0,0,0.0,0.0,0.0,0.0,0.0,0.0,0,52,0.0,0.0,0.0,0.0,0.0,[10],10,10.0,10.0,100.0,0.0,52,0.0,0.08304443855069513,0.7158846198141633,0.13867504905630726,-0.2377922699684312,-0.15183953994593466,0.05911355576888934,-0.1053967542036641,1.698710259316253,1.2575241932091192,0.8885993497804688,-0.8685310135049705,-0.9358567275868334,-0.6205509088784893,-0.8802404990677556,-1.0731771089166098,-1.7304463136556547,0.5249403510763285,1.043106086003094,1.0709470296601624,0.0,0.0,0.08304443855069372
30,2022,3,7,最多歡笑,巫顯東,何良,127,1084,12,52,8,46.0,巫顯東,7.0,6.0,3.0,10.0,7.0,221.0,6560600.0,0.03167420814479638,0.1493212669683258,0.03167420814479638,0.058823529411764705,0.07239819004524888,何良,9.0,12.0,10.0,10.0,7.0,159.0,10613440.0,0.05660377358490566,0.3018867924528302,0.05660377358490566,0.1320754716981132,0.1949685534591195,澳洲,3.0,2019.0,灰,閹,0.0,0.0,0.0,0.0,0.0,0.0,何良,52,52.0,0.0,0.0,0.0,3.0,[8],8,8.0,8.0,100.0,0.0,52,0.0,0.08304443855069513,-0.42205138033819883,1.5254255396193799,1.584807164520143,-0.6464106423802779,-0.8540728253214185,-1.1620271204108084,-0.7445517180439013,-0.64686892310462,-0.804552533288153,-0.8685310135049705,-0.9358567275868334,-0.6205509088784893,-0.8802404990677556,-1.0731771089166098,-0.2472066162365221,-0.0749914787251898,0.3174670696531156,0.36740518535786587,0.0,0.0,0.08304443855069372
31,2022,3,8,三劍俠,蘇兆輝,徐雨石,125,1012,4,50,6/8/1/5/11/8,4.3,0,0.0,0.0,0.0,0.0,0.0,0.0,0.0,0.0,0.0,0.0,0.0,0.0,徐雨石,14.0,14.0,30.0,17.0,27.0,374.0,20446750.0,0.0374331550802139,0.2727272727272727,0.0374331550802139,0.0748663101604278,0.15508021390374332,愛爾蘭,4.0,2018.0,棗,閹,36400.0,36400.0,0.0,0.0,0.0,10.0,徐雨石,50,62.0,0.0,0.0,0.0,4.0,"[6, 8, 1, 5, 11, 8]",6,5.0,6.5,100.0,0.0,50,0.0,-0.315568866492637,-1.5760146480983408,-0.6933752452815364,-0.7902677235477802,-1.7021971802011098,-1.9348163405567371,-2.033219560830867,-1.3159452276856156,-1.7348954062811006,-1.3603631356906838,-0.8415529176801045,-0.12206826881567391,-0.6205509088784893,-0.8802404990677556,-1.0731771089166098,0.2472066162365221,-0.6749233085267081,-0.7709914548718522,-0.16025119786885647,0.0,0.0,-0.31556886649263843
32,2022,3,9,滿風雲,黃皓楠,丁冠豪,124,974,9,49,14/11,61.0,黃皓楠,0.0,2.0,4.0,1.0,6.0,89.0,1521700.0,0.0,0.14606741573033707,0.0,0.02247191011235955,0.06741573033707865,丁冠豪,26.0,20.0,25.0,17.0,22.0,335.0,31164740.0,0.07761194029850746,0.3283582089552239,0.07761194029850746,0.1373134328358209,0.21194029850746268,紐西蘭,3.0,2019.0,棗,閹,0.0,0.0,0.0,0.0,0.0,1.0,丁冠豪,49,52.0,0.0,0.0,0.0,3.0,"[14, 11]",14,12.5,12.5,100.0,0.0,49,0.0,-0.5148755190143031,-2.185050817193971,0.6933752452815364,2.4391506494366624,-1.7021971802011098,-1.5219480313657165,-1.221982779934099,-0.11838881637824239,-0.5472513044838498,-0.5680654810746599,-0.8685310135049705,-0.8544778817097174,-0.6205509088784893,-0.8802404990677556,-1.0731771089166098,-0.2472066162365221,1.7248040106793654,1.950154856440567,1.950374335038033,0.0,0.0,-0.5148755190143045
33,2022,3,10,功夫茶,霍宏聲,賀賢,123,1145,5,48,9/8/8/2/4/1,18.0,霍宏聲,12.0,21.0,26.0,21.0,15.0,318.0,23291050.0,0.03773584905660377,0.29874213836477986,0.03773584905660377,0.10377358490566038,0.18553459119496854,賀賢,24.0,38.0,41.0,29.0,32.0,338.0,37713080.0,0.07100591715976332,0.48520710059171596,0.07100591715976332,0.1834319526627219,0.3047337278106509,紐西蘭,6.0,2016.0,棕,閹,1604200.0,2196700.0,3.0,2.0,2.0,21.0,賀賢,48,45.0,0.14285714285714285,0.23809523809523808,0.3333333333333333,6.0,"[9, 8, 8, 2, 4, 1]",9,6.75,5.333333333333333,100.0,0.0,48,0.0,-0.7141821715359691,0.5556119437363658,-0.4160251471689218,-0.00996734065735943,-0.4443598494280432,-0.0282216485849958,0.19938229267486052,-0.3152858932825475,0.3298489638624009,0.7249332352143535,0.7595674232665431,0.7730990358326014,1.1647104268589017,0.6451939775837138,0.5082790495212822,1.2360330811826106,0.2249744361755694,-0.13605731556562095,-0.5706506070451962,0.0,0.0,-0.7141821715359706
34,2022,3,11,競駿天下,嘉里,大衛希斯,121,1178,2,46,10/11/3/8/7,20.0,嘉里,3.0,3.0,4.0,3.0,6.0,65.0,4521550.0,0.046153846153846156,0.2923076923076923,0.046153846153846156,0.09230769230769231,0.15384615384615385,大衛希斯,36.0,40.0,42.0,31.0,34.0,433.0,55928990.0,0.08314087759815242,0.4226327944572748,0.08314087759815242,0.17551963048498845,0.27251732101616627,澳洲,3.0,2019.0,栗,閹,119600.0,119600.0,0.0,0.0,1.0,3.0,大衛希斯,46,52.0,0.0,0.0,0.3333333333333333,3.0,"[10, 11, 3, 8, 7]",10,8.0,7.8,100.0,0.0,46,0.0,-1.1127954765793011,1.0845117747930975,-1.2480754415067654,0.10394512399817646,-0.16376536794789745,-0.23888036280285252,-0.18193562493824264,0.04640497404953867,0.1793692882054225,0.2760245900493014,-0.7798886986518395,-0.6917201899554856,-0.6205509088784893,-0.8802404990677556,0.5082790495212822,-0.2472066162365221,0.5249403510763285,0.3174670696531156,0.2970510009276362,0.0,0.0,-1.112795476579303
35,2022,3,12,各取所需,希威森,韋達,117,1101,3,42,3/8/8/3/8/2,8.6,希威森,18.0,17.0,21.0,19.0,19.0,240.0,20595830.0,0.075,0.39166666666666666,0.075,0.14583333333333334,0.23333333333333334,韋達,38.0,45.0,54.0,38.0,48.0,440.0,85517850.0,0.08636363636363636,0.5068181818181818,0.08636363636363636,0.18863636363636363,0.31136363636363634,澳洲,6.0,2016.0,栗,閹,929500.0,3082500.0,1.0,5.0,5.0,34.0,韋達,42,51.0,0.029411764705882353,0.17647058823529413,0.3235294117647059,6.0,"[3, 8, 8, 3, 8, 2]",3,5.5,5.333333333333333,100.0,0.0,42,0.0,-1.9100220866659654,-0.1495878310059431,-0.9707253433941508,-0.5453559245383781,0.79775451471036,0.7445269576308235,0.7745610752729465,0.142461522318328,0.4288285121804868,0.8173154578835313,1.416083832103529,1.8310240322351088,-0.2529971044619676,0.25037564245039245,0.46176563309663854,1.2360330811826106,-1.5748210532289857,-0.5895817007843575,-0.5706506070451962,0.0,0.0,-1.9100220866659672
36,2022,4,1,瑪神滿紛,周俊樂,容天鵬,135,1176,10,58,12/4/9/6/7/6,24.0,周俊樂,27.0,33.0,27.0,37.0,35.0,389.0,42045200.0,0.06940874035989718,0.4087403598971722,0.06940874035989718,0.15424164524421594,0.2236503856041131,容天鵬,33.0,32.0,21.0,30.0,48.0,390.0,35935655.0,0.08461538461538462,0.4205128205128205,0.08461538461538462,0.16666666666666666,0.2205128205128205,澳洲,5.0,2017.0,栗,閹,822300.0,822300.0,1.0,0.0,1.0,11.0,容天鵬,58,64.0,0.09090909090909091,0.09090909090909091,0.18181818181818182,5.0,"[12, 4, 9, 6, 7, 6]",12,7.75,7.333333333333333,100.0,0.0,58,0.0,1.7362888323766128,0.5007699139071357,0.9707253433941511,1.2064772512780075,0.5938050567984097,0.7146656783994708,0.5650921760114737,0.44245939229984,0.25286651843549524,-0.1036086052877301,-0.5258952607174219,-0.6678573009014661,0.6151330602283434,-0.40672827263624833,-0.11981552669819617,-0.1136256930542814,1.5382634860207678,0.7976898189382827,0.792764629023873,0.0,0.0,1.736288832376616
37,2022,4,2,得勝多,蘇兆輝,姚本輝,133,1039,3,56,5/4/4/11/5/12,7.0,0,0.0,0.0,0.0,0.0,0.0,0.0,0.0,0.0,0.0,0.0,0.0,0.0,姚本輝,38.0,47.0,44.0,44.0,31.0,438.0,52789140.0,0.0867579908675799,0.4657534246575342,0.0867579908675799,0.19406392694063926,0.2945205479452055,紐西蘭,4.0,2018.0,棗,閹,2476150.0,2511150.0,3.0,2.0,1.0,17.0,姚本輝,56,44.0,0.17647058823529413,0.29411764705882354,0.35294117647058826,4.0,"[5, 4, 4, 11, 5, 12]",5,6.0,6.833333333333333,100.0,0.0,56,0.0,1.4298849207807398,-2.1549260166197466,-0.9707253433941511,-0.6970135396014474,-1.374084352457877,-1.4513390454217696,-1.5174732988091804,0.5206998072826224,0.7405717899767301,0.751176878027584,0.24849175270408805,-0.35561232905143003,2.1124731774008545,1.6338072513611046,1.2589108940281786,-0.7953798513799686,-0.39030566063213523,-0.5161522357835947,0.3482237155525423,0.0,0.0,1.4298849207807425
38,2022,4,3,悅風雲,霍宏聲,丁冠豪,132,1136,8,55,1/5/6/5/9/8,10.0,霍宏聲,12.0,21.0,26.0,21.0,15.0,318.0,23291050.0,0.03773584905660377,0.29874213836477986,0.03773584905660377,0.10377358490566038,0.18553459119496854,丁冠豪,26.0,20.0,25.0,17.0,22.0,335.0,31164740.0,0.07761194029850746,0.3283582089552239,0.07761194029850746,0.1373134328358209,0.21194029850746268,南非,5.0,2017.0,棗,閹,54950.0,54950.0,0.0,0.0,0.0,16.0,丁冠豪,55,73.0,0.0,0.0,0.0,5.0,"[1, 5, 6, 5, 9, 8]",1,4.25,5.666666666666667,100.0,0.0,55,0.0,1.2766829649828033,-0.27461575923939924,0.41602514716892186,-0.36110340003448477,-0.30419059955683514,0.0059462082309172425,0.21016930267310222,0.18671833437104216,-0.2696575125416435,-0.2026207979303925,-0.8777476305246846,-0.4076531576931027,-0.9757908142674494,-1.3195994281087484,-1.584712348719969,-0.1136256930542814,-1.4923451730052226,-1.829994290505472,-0.689038415880562,0.0,0.0,1.276682964982806
39,2022,4,4,翡翠綠,馬雅,苗禮德,127,1156,5,50,5/10/8/9/8/7,11.0,馬雅,22.0,12.0,22.0,16.0,25.0,265.0,23293350.0,0.0830188679245283,0.3660377358490566,0.0830188679245283,0.12830188679245283,0.21132075471698114,苗禮德,22.0,21.0,19.0,27.0,18.0,326.0,33709990.0,0.06748466257668712,0.3282208588957055,0.06748466257668712,0.13190184049079753,0.1901840490797546,南非,6.0,2016.0,灰,閹,1414400.0,3472560.0,3.0,5.0,3.0,36.0,苗禮德,50,52.0,0.08333333333333333,0.2222222222222222,0.3055555555555556,6.0,"[5, 10, 8, 9, 8, 7]",5,8.0,7.833333333333333,100.0,0.0,50,0.0,0.5106731859931208,0.11307707733386821,-0.41602514716892186,-0.2491333535121639,0.9796819039244149,0.3503954500033704,0.4502823422011485,-0.18309408953524872,-0.36599057970629667,-0.4539043709759574,0.6893262960759529,0.6331634151403511,0.48255607068702716,0.9118633963795848,0.8771281438443994,0.5681284652714058,-0.39030566063213523,0.9853815410414081,1.2373055424952037,0.0,0.0,0.5106731859931226
40,2022,4,5,紅麗舍,潘明輝,文家良,125,1168,2,48,8/11/4/12/3/1,17.0,潘明輝,27.0,35.0,34.0,41.0,38.0,491.0,47504550.0,0.054989816700611,0.3564154786150713,0.054989816700611,0.12627291242362526,0.1955193482688391,文家良,27.0,32.0,24.0,38.0,28.0,373.0,34799210.0,0.07238605898123325,0.39946380697050937,0.07238605898123325,0.1581769436997319,0.2225201072386059,英國,9.0,2013.0,栗,閹,1471600.0,7541675.0,5.0,11.0,10.0,75.0,文家良,48,54.0,0.06666666666666667,0.21333333333333335,0.3466666666666667,9.0,"[8, 11, 4, 12, 3, 1]",8,8.75,6.5,100.0,0.0,48,0.0,0.2042692743972479,0.3456927792778287,-1.2480754415067656,0.42268692562176136,0.1849970736127858,0.3219027036997742,0.30314437311774584,-0.004112399225192024,0.10173890189668998,-0.08042454581744736,2.5551342790931937,2.662755732165586,0.19088669369613187,0.8226048834000518,1.208357591934878,2.6133909402484674,0.43622397364768034,1.548456707350784,0.05186310657165546,0.0,0.0,0.20426927439724926
41,2022,4,6,奇妙年華,巴度,韋達,121,1228,4,44,5/7/2/9/1/5,9.3,巴度,39.0,44.0,47.0,49.0,53.0,486.0,98145310.0,0.08024691358024691,0.4773662551440329,0.08024691358024691,0.17078189300411523,0.2674897119341564,韋達,38.0,45.0,54.0,38.0,48.0,440.0,85517850.0,0.08636363636363636,0.5068181818181818,0.08636363636363636,0.18863636363636363,0.31136363636363634,愛爾蘭,4.0,2018.0,棗,閹,941200.0,941200.0,1.0,1.0,0.0,11.0,韋達,44,52.0,0.09090909090909091,0.18181818181818182,0.18181818181818182,4.0,"[5, 7, 2, 9, 1, 5]",5,5.75,4.833333333333333,100.0,0.0,44,0.0,-0.408538548794498,1.508771288997631,-0.6933752452815365,-0.43948243260010933,0.9010909430631656,0.94693923023037,0.9733108661234264,0.5062993732284145,0.643954419894887,0.9457136915978237,-0.47137614066779193,-0.6678573009014661,0.6151330602283434,0.5061428828362516,-0.11981552669819617,-0.7953798513799686,-0.39030566063213523,-0.70384395788672,-1.4299399383327804,0.0,0.0,-0.4085385487944974
42,2022,4,7,綫路菁英,鍾易禮,告東尼,120,1216,1,43,9/7/1/6/5/3,5.1,0,0.0,0.0,0.0,0.0,0.0,0.0,0.0,0.0,0.0,0.0,0.0,0.0,告東尼,56.0,53.0,40.0,45.0,46.0,492.0,105658895.0,0.11382113821138211,0.4878048780487805,0.11382113821138211,0.22154471544715448,0.30284552845528456,愛爾蘭,4.0,2018.0,灰,閹,117000.0,117000.0,0.0,0.0,1.0,9.0,告東尼,43,52.0,0.0,0.0,0.1111111111111111,4.0,"[9, 7, 1, 6, 5, 3]",9,5.75,5.166666666666667,100.0,0.0,43,0.0,-0.5617405045924345,1.2761555870536705,-1.52542553961938,-0.9097566279938571,-1.374084352457877,-1.4513390454217696,-1.5174732988091804,1.5089503907716704,1.2297639678336398,0.8473299790047747,-0.8492958946198945,-0.7719389581848115,-0.9757908142674494,-1.3195994281087484,-0.6894976241511079,-0.7953798513799686,0.7117338517409522,-0.70384395788672,-1.1335793293518928,0.0,0.0,-0.5617405045924341
43,2022,4,8,紅褲之王,希威森,黎昭昇,119,1124,7,42,4/12/5/4/2/8,10.0,希威森,18.0,17.0,21.0,19.0,19.0,240.0,20595830.0,0.075,0.39166666666666666,0.075,0.14583333333333334,0.23333333333333334,黎昭昇,0.0,0.0,0.0,0.0,0.0,0.0,0.0,0.0,0.0,0.0,0.0,0.0,澳洲,4.0,2018.0,棕,閹,1024400.0,1629400.0,1.0,3.0,2.0,18.0,黎昭昇,42,48.0,0.05555555555555555,0.2222222222222222,0.3333333333333333,4.0,"[4, 12, 5, 4, 2, 8]",4,6.25,5.833333333333333,100.0,0.0,42,0.0,-0.7149424603903709,-0.5072314611833597,0.1386750490563073,-0.36110340003448477,0.7523294814329436,0.5965883375522715,0.6552568881397244,-2.647395684643173,-2.714007216773683,-2.6505204535333595,-0.15581635582207853,-0.30357150040975733,-0.0035595576311317108,0.9118633963795848,1.1009318249866145,-0.7953798513799686,-0.6658155387254071,-0.32846051368046936,-0.5408581113901191,0.0,0.0,-0.7149424603903708
44,2022,4,9,金獅大將,蔡明紹,大衛希斯,118,1127,6,41,4/3/3/14/3/9,5.5,蔡明紹,44.0,45.0,44.0,52.0,45.0,514.0,72970550.0,0.08560311284046693,0.4474708171206226,0.08560311284046693,0.17315175097276264,0.2587548638132296,大衛希斯,36.0,40.0,42.0,31.0,34.0,433.0,55928990.0,0.08314087759815242,0.4226327944572748,0.08314087759815242,0.17551963048498845,0.27251732101616627,紐西蘭,6.0,2016.0,棗,閹,1149200.0,1321700.0,0.0,3.0,2.0,27.0,大衛希斯,41,48.0,0.0,0.1111111111111111,0.18518518518518517,6.0,"[4, 3, 3, 14, 3, 9]",4,6.0,6.0,100.0,0.0,41,0.0,-0.8681444161883074,-0.44907753569736963,-0.1386750490563073,-0.8649686093849287,1.052950892449934,0.9802189812778141,0.8919745738773484,0.3886156023804043,0.41046027342351177,0.49704072741792316,-0.296905785925284,0.16479595736529692,-0.9757908142674494,-0.20386801586458178,-0.09268780777186716,0.5681284652714058,-0.6658155387254071,-0.5161522357835947,-0.39267780689967524,0.0,0.0,-0.8681444161883074
45,2022,4,10,管之友,麥利奧,賀賢,118,1096,9,41,8/11/7/8/10,36.0,0,0.0,0.0,0.0,0.0,0.0,0.0,0.0,0.0,0.0,0.0,0.0,0.0,賀賢,24.0,38.0,41.0,29.0,32.0,338.0,37713080.0,0.07100591715976332,0.48520710059171596,0.07100591715976332,0.1834319526627219,0.3047337278106509,愛爾蘭,4.0,2018.0,棕,閹,0.0,0.0,0.0,0.0,0.0,4.0,賀賢,41,52.0,0.0,0.0,0.0,4.0,"[8, 11, 7, 8, 10]",8,8.5,8.8,100.0,0.0,41,0.0,-0.8681444161883074,-1.0500014323859341,0.6933752452815365,2.5501178095458577,-1.374084352457877,-1.4513390454217696,-1.5174732988091804,-0.054510305390295055,0.5513094385452944,0.8691385854107349,-0.9029438092187735,-1.032143101393175,-0.9757908142674494,-1.3195994281087484,-1.584712348719969,-0.7953798513799686,0.43622397364768034,1.3607649852476587,2.096751308539777,0.0,0.0,-0.8681444161883074
46,2022,4,11,其利斷金,黃俊,葉楚航,118,1152,12,41,13/3/6/3/7/5,15.0,黃俊,2.0,4.0,6.0,4.0,6.0,110.0,4201825.0,0.01818181818181818,0.2,0.01818181818181818,0.05454545454545454,0.10909090909090909,葉楚航,21.0,29.0,23.0,30.0,30.0,428.0,24709910.0,0.04906542056074766,0.3107476635514019,0.04906542056074766,0.11682242990654206,0.1705607476635514,紐西蘭,6.0,2016.0,栗,閹,228800.0,4025928.0,4.0,2.0,3.0,38.0,葉楚航,41,60.0,0.10526315789473684,0.15789473684210525,0.23684210526315788,6.0,"[13, 3, 6, 3, 7, 5]",13,6.25,6.166666666666667,100.0,0.0,41,0.0,-0.8681444161883074,0.035538510019214715,1.52542553961938,0.1987468325771196,-0.8585900896964659,-0.68536101127044,-0.5016513932226795,-0.8556997712926155,-0.6344228229354739,-0.6805525030999464,0.9430616739028966,0.7372450724236965,0.8663315667276789,0.26591363139611995,0.32350851154523497,0.5681284652714058,1.8137733641140397,-0.32846051368046936,-0.2444975024092314,0.0,0.0,-0.8681444161883074
47,2022,4,12,精彩非凡,何澤堯,方嘉柏,118,1184,11,41,3/7/8/10/5/5,8.8,何澤堯,38.0,52.0,43.0,43.0,43.0,491.0,98185360.0,0.07739307535641547,0.4460285132382892,0.07739307535641547,0.18329938900203666,0.2708757637474542,方嘉柏,37.0,37.0,46.0,50.0,43.0,476.0,79866560.0,0.07773109243697479,0.4474789915966387,0.07773109243697479,0.15546218487394958,0.25210084033613445,澳洲,5.0,2017.0,棕,閹,127750.0,1192750.0,0.0,2.0,1.0,24.0,方嘉柏,41,69.0,0.0,0.08333333333333333,0.125,5.0,"[3, 7, 8, 10, 5, 5]",3,7.0,6.333333333333333,100.0,0.0,41,0.0,-0.8681444161883074,0.6558470485364426,1.2480754415067656,-0.4954674558612697,0.8201783953452779,1.1227215581417616,1.004840767506249,0.1910693497525283,0.053412821950844805,0.261231415185994,-0.3560331242802023,0.008673471440278843,-0.9757908142674494,-0.4828008689256234,-0.5775957835800003,-0.1136256930542814,-0.9413254168186789,0.23461465262890668,-0.09631719791878836,0.0,0.0,-0.8681444161883074
48,2022,5,1,杭州飛輪,蔡明紹,沈集成,135,1027,10,60,3/6/2/7/8/12,11.0,蔡明紹,44.0,45.0,44.0,52.0,45.0,514.0,72970550.0,0.08560311284046693,0.4474708171206226,0.08560311284046693,0.17315175097276264,0.2587548638132296,沈集成,41.0,37.0,40.0,37.0,32.0,410.0,108393940.0,0.1,0.4560975609756098,0.1,0.1902439024390244,0.28780487804878047,澳洲,4.0,2018.0,棗,閹,0.0,1072500.0,1.0,1.0,1.0,6.0,沈集成,60,62.0,0.16666666666666666,0.3333333333333333,0.5,4.0,"[3, 6, 2, 7, 8, 12]",3,4.5,6.333333333333333,100.0,0.0,60,0.0,2.0131410823336595,-1.1085434551443634,0.9707253433941511,-0.7473067142044335,1.3377808651813088,1.1697056846693312,1.0244623119974052,0.42235296708831743,0.4566275800409721,0.5379245621128746,0.31203612923844426,-0.17289101870203116,2.436560494410144,2.1188298328775654,2.099939562150975,0.33850160019316494,-1.1055415967851332,-0.3048894404165011,-0.29719692065373626,0.0,0.0,2.013141082333659
49,2022,5,2,純金酒杯,何澤堯,呂健威,129,1276,4,54,1/1/3/11/11/9,1.6,何澤堯,38.0,52.0,43.0,43.0,43.0,491.0,98185360.0,0.07739307535641547,0.4460285132382892,0.07739307535641547,0.18329938900203666,0.2708757637474542,呂健威,50.0,43.0,33.0,28.0,39.0,469.0,105597300.0,0.10660980810234541,0.4115138592750533,0.10660980810234541,0.19829424307036247,0.26865671641791045,澳洲,4.0,2018.0,棗／棕,閹,0.0,0.0,0.0,0.0,0.0,5.0,呂健威,54,51.0,0.0,0.0,0.0,4.0,"[1, 1, 3, 11, 11, 9]",1,4.0,6.0,100.0,0.0,54,0.0,0.7951061417620341,1.8917535049746201,-0.6933752452815365,-1.3689600870824576,1.0806894925490134,1.3289676427739792,1.150116913833286,0.5676680017008587,0.5555270552116912,0.37494987464126667,-0.5505179123177932,-0.25933652805304674,-0.5003296660798764,-0.6315296052093781,-0.729492043571474,0.33850160019316494,-1.6583123951777,-0.3074781243445658,-0.2989236385039565,0.0,0.0,0.7951061417620331
50,2022,5,3,自然勁,霍宏聲,方嘉柏,127,1030,8,52,-,51.0,霍宏聲,12.0,21.0,26.0,21.0,15.0,318.0,23291050.0,0.03773584905660377,0.29874213836477986,0.03773584905660377,0.10377358490566038,0.18553459119496854,方嘉柏,37.0,37.0,46.0,50.0,43.0,476.0,79866560.0,0.07773109243697479,0.4474789915966387,0.07773109243697479,0.15546218487394958,0.25210084033613445,紐西蘭,3.0,2019.0,棗,閹,0.0,0.0,0.0,0.0,0.0,0.0,方嘉柏,52,52.0,0.0,0.0,0.0,3.0,[10],10,10.0,10.0,100.0,0.0,52,0.0,0.3890944949048257,-1.0723952989983516,0.41602514716892186,1.8980267874041805,-0.16114780283650149,0.08085106197969774,0.26540446546046653,-0.06722358690516946,0.029329684181586463,0.23403876357689252,-0.5505179123177932,-0.6915640748081247,-0.5003296660798764,-0.6315296052093781,-0.729492043571474,-0.16925080009658258,0.82915619758885,-0.2764139172077902,-0.2782030243013139,0.0,0.0,0.38909449490482445
51,2022,5,4,嫡愛心,巴度,蔡約翰,127,1173,1,52,-,8.0,巴度,39.0,44.0,47.0,49.0,53.0,486.0,98145310.0,0.08024691358024691,0.4773662551440329,0.08024691358024691,0.17078189300411523,0.2674897119341564,蔡約翰,74.0,50.0,45.0,58.0,63.0,534.0,118487610.0,0.13857677902621723,0.5430711610486891,0.13857677902621723,0.23220973782771537,0.31647940074906367,0,0.0,0.0,0,0,0.0,0.0,0.0,0.0,0.0,0.0,0,52,0.0,0.0,0.0,0.0,0.0,[10],10,10.0,10.0,100.0,0.0,52,0.0,0.3890944949048257,0.6506668106282133,-1.52542553961938,-0.9457067268250795,1.170055367876695,1.132511983097805,1.1150144878826986,1.2704541362351154,0.9721832919180324,0.7819804388891691,-0.5505179123177932,-0.6915640748081247,-0.5003296660798764,-0.6315296052093781,-0.729492043571474,-1.692508000965825,0.82915619758885,-0.2764139172077902,-0.2782030243013139,0.0,0.0,0.38909449490482445
52,2022,5,5,駿寶,蘇兆輝,羅富全,127,1187,6,52,11,18.0,0,0.0,0.0,0.0,0.0,0.0,0.0,0.0,0.0,0.0,0.0,0.0,0.0,羅富全,74.0,56.0,58.0,47.0,34.0,485.0,101923200.0,0.15257731958762888,0.554639175257732,0.15257731958762888,0.26804123711340205,0.38762886597938145,澳洲,3.0,2019.0,棕,閹,0.0,0.0,0.0,0.0,0.0,0.0,羅富全,52,52.0,0.0,0.0,0.0,3.0,[11],11,11.0,11.0,100.0,0.0,52,0.0,0.3890944949048257,0.8193582059762686,-0.1386750490563073,-0.284373351422926,-1.3428185625928732,-1.5478219635989239,-1.657990275020749,1.5782526388200708,1.4123778919004921,1.387550941333075,-0.5505179123177932,-0.6915640748081247,-0.5003296660798764,-0.6315296052093781,-0.729492043571474,-0.16925080009658258,1.1055415967851332,-0.2712365493516609,-0.27302287075065323,0.0,0.0,0.38909449490482445
53,2022,5,6,天下有才,嘉里,大衛希斯,127,1180,5,52,-,24.0,嘉里,3.0,3.0,4.0,3.0,6.0,65.0,4521550.0,0.046153846153846156,0.2923076923076923,0.046153846153846156,0.09230769230769231,0.15384615384615385,大衛希斯,36.0,40.0,42.0,31.0,34.0,433.0,55928990.0,0.08314087759815242,0.4226327944572748,0.08314087759815242,0.17551963048498845,0.27251732101616627,0,0.0,0.0,0,0,0.0,0.0,0.0,0.0,0.0,0.0,0,52,0.0,0.0,0.0,0.0,0.0,[10],10,10.0,10.0,100.0,0.0,52,0.0,0.3890944949048257,0.735012508302241,-0.41602514716892186,0.11242667381836605,0.10245567433992005,-0.09910022336395413,-0.06310232854610331,0.0517092331965206,0.27573799595848486,0.40780842471940326,-0.5505179123177932,-0.6915640748081247,-0.5003296660798764,-0.6315296052093781,-0.729492043571474,-1.692508000965825,0.82915619758885,-0.2764139172077902,-0.2782030243013139,0.0,0.0,0.38909449490482445
54,2022,5,7,南莊加好,班德禮,伍鵬志,126,1083,11,51,3/4/2/7/3/5,12.0,班德禮,21.0,26.0,35.0,24.0,37.0,388.0,31382800.0,0.05412371134020619,0.36855670103092786,0.05412371134020619,0.1211340206185567,0.211340206185567,0,0.0,0.0,0.0,0.0,0.0,0.0,0.0,0.0,0.0,0.0,0.0,0.0,澳洲,7.0,2015.0,棗,閹,384800.0,3482430.0,3.0,2.0,4.0,25.0,丁冠豪,51,53.0,0.12,0.2,0.36,7.0,"[3, 4, 2, 7, 3, 5]",3,4.0,4.0,100.0,0.0,51,0.0,0.1860886714762215,-0.4337778737521422,1.2480754415067656,-0.6811733766642181,0.3520262255628508,0.35331416888296285,0.5329253834096275,-1.7761228791465857,-1.8805433506407117,-1.9116531549033495,2.2502131561546435,1.4695736589672648,1.6142312494729383,1.018686057642788,1.3076987125486892,1.8617588010624075,-1.1055415967851332,-0.3074781243445658,-0.3092839456052778,0.0,0.0,0.18608867147622016
55,2022,5,8,領航神駒,希威森,高伯新,123,1086,7,48,4/12/11/4/8,15.0,希威森,18.0,17.0,21.0,19.0,19.0,240.0,20595830.0,0.075,0.39166666666666666,0.075,0.14583333333333334,0.23333333333333334,高伯新,18.0,13.0,13.0,17.0,18.0,243.0,41704900.0,0.07407407407407407,0.32510288065843623,0.07407407407407407,0.12757201646090535,0.18106995884773663,澳洲,3.0,2019.0,栗,閹,62400.0,62400.0,0.0,0.0,0.0,4.0,高伯新,48,52.0,0.0,0.0,0.0,3.0,"[4, 12, 11, 4, 8]",4,7.75,7.8,100.0,0.0,48,0.0,-0.42292879880959117,-0.39762971760613036,0.1386750490563073,-0.4827733640435721,1.0057520724229156,0.7409571746195178,0.7609231104657969,-0.14762225230591688,-0.3133046396053524,-0.3705224436327668,-0.5003329498999758,-0.3457820374040623,-0.5003296660798764,-0.6315296052093781,-0.729492043571474,-0.16925080009658258,-0.82915619758885,-0.28806299488408105,-0.2895993621127673,0.0,0.0,-0.42292879880959283
56,2022,5,9,星叻無敵,黎海榮,文家良,123,1147,2,48,11/11/12/2/11/9,31.0,黎海榮,1.0,5.0,4.0,6.0,2.0,122.0,2982250.0,0.00819672131147541,0.14754098360655737,0.00819672131147541,0.04918032786885246,0.08196721311475409,文家良,27.0,32.0,24.0,38.0,28.0,373.0,34799210.0,0.07238605898123325,0.39946380697050937,0.07238605898123325,0.1581769436997319,0.2225201072386059,澳洲,3.0,2019.0,棗,閹,228800.0,228800.0,0.0,1.0,0.0,4.0,文家良,48,52.0,0.0,0.25,0.25,3.0,"[11, 11, 12, 2, 11, 9]",11,9.0,9.333333333333334,100.0,0.0,48,0.0,-0.42292879880959117,0.3373827906961106,-1.2480754415067656,0.5753600365998734,-1.0861441762523498,-0.7759620200311121,-0.8082548937022903,-0.18473285640282197,0.06268084724166707,-0.017730091558456576,-0.3665063834524626,-0.3457820374040623,-0.5003296660798764,1.4312399733558296,0.6852237592897504,-0.16925080009658258,1.1055415967851332,-0.28159128506391945,-0.2816564600017543,0.0,0.0,-0.42292879880959283
57,2022,5,10,極速滿貫,黃俊,黎昭昇,122,997,3,47,9/11/2010,46.0,黃俊,2.0,4.0,6.0,4.0,6.0,110.0,4201825.0,0.01818181818181818,0.2,0.01818181818181818,0.05454545454545454,0.10909090909090909,黎昭昇,0.0,0.0,0.0,0.0,0.0,0.0,0.0,0.0,0.0,0.0,0.0,0.0,紐西蘭,3.0,2019.0,棗,閹,0.0,0.0,0.0,0.0,0.0,3.0,蘇保羅,47,52.0,0.0,0.0,0.0,3.0,"[9, 11, 2010]",9,676.6666666666666,676.6666666666666,100.0,0.0,47,0.0,-0.6259346222381954,-1.470025016604482,-0.9707253433941511,1.5673600997031036,-0.7734681056193486,-0.6917591170964418,-0.5270697311569095,-1.7761228791465857,-1.8805433506407117,-1.9116531549033495,-0.5505179123177932,-0.4322275467550779,-0.5003296660798764,-0.6315296052093781,-0.729492043571474,-0.16925080009658258,0.5527707983925666,3.175164653545053,3.175232676139119,0.0,0.0,-0.6259346222381972
58,2022,5,11,上校,麥利奧,姚本輝,119,1173,9,44,5/7/6/8/6/12,18.0,0,0.0,0.0,0.0,0.0,0.0,0.0,0.0,0.0,0.0,0.0,0.0,0.0,姚本輝,38.0,47.0,44.0,44.0,31.0,438.0,52789140.0,0.0867579908675799,0.4657534246575342,0.0867579908675799,0.19406392694063926,0.2945205479452055,紐西蘭,5.0,2017.0,棕,閹,943850.0,3030040.0,2.0,3.0,5.0,37.0,姚本輝,44,62.0,0.05405405405405406,0.13513513513513514,0.2702702702702703,5.0,"[5, 7, 6, 8, 6, 12]",5,6.5,7.333333333333333,100.0,0.0,44,0.0,-1.234952092524008,0.6506668106282133,0.6933752452815365,-0.284373351422926,-1.3428185625928732,-1.5478219635989239,-1.657990275020749,0.13123059475584148,0.5035570747853706,0.5950832713211709,1.8863802210873928,2.5069197711794518,0.452175250835806,0.48348097779884225,0.7999304460082282,0.8462540004829124,-0.5527707983925666,-0.29453470470424264,-0.2920167671030756,0.0,0.0,-1.23495209252401
59,2022,5,12,創建群英,楊明綸,丁冠豪,116,1069,12,41,7/8/3/11/3/4,32.0,楊明綸,10.0,18.0,18.0,20.0,21.0,313.0,17506150.0,0.03194888178913738,0.2779552715654952,0.03194888178913738,0.08945686900958466,0.14696485623003194,丁冠豪,26.0,20.0,25.0,17.0,22.0,335.0,31164740.0,0.07761194029850746,0.3283582089552239,0.07761194029850746,0.1373134328358209,0.21194029850746268,紐西蘭,5.0,2017.0,棗,閹,338000.0,338000.0,0.0,0.0,2.0,12.0,丁冠豪,41,67.0,0.0,0.0,0.16666666666666666,5.0,"[7, 8, 3, 11, 3, 4]",7,7.25,6.0,100.0,0.0,41,0.0,-1.8439695628098207,-0.6024692691001975,1.52542553961938,0.6414933741400888,-0.3423624880387566,-0.14384242833393734,-0.1344391696024774,-0.06984311788964612,-0.19363008035152088,-0.10777743159593012,-0.278682699221282,0.3457820374040623,-0.5003296660798764,-0.6315296052093781,0.21365182500267557,0.8462540004829124,0.0,-0.29065167881214565,-0.2989236385039565,0.0,0.0,-1.8439695628098232
60,2022,6,1,八心之威,希威森,韋達,133,1129,8,76,5/1/12/8/1/1,19.0,希威森,18.0,17.0,21.0,19.0,19.0,240.0,20595830.0,0.075,0.39166666666666666,0.075,0.14583333333333334,0.23333333333333334,韋達,38.0,45.0,54.0,38.0,48.0,440.0,85517850.0,0.08636363636363636,0.5068181818181818,0.08636363636363636,0.18863636363636363,0.31136363636363634,澳洲,5.0,2017.0,栗,閹,2865700.0,3698200.0,5.0,0.0,5.0,24.0,韋達,76,47.0,0.20833333333333334,0.20833333333333334,0.4166666666666667,5.0,"[5, 1, 12, 8, 1, 1]",5,6.5,4.666666666666667,100.0,0.0,76,0.0,1.9240993824298298,-0.2624607482745101,0.41602514716892186,0.6161781527277979,0.7373561657418329,0.5465538709460136,0.6166190287652712,0.0021066415378228624,0.2412568981110553,0.544296069426127,0.4971305196167127,0.45322349364660103,1.3473018020857401,0.1067426398842748,0.5542680897853359,0.3578073095445384,-0.38685897164933136,0.09255797206695077,-0.7434310797508948,0.0,0.0,1.9240993824298287
61,2022,6,2,順勢而飛,潘明輝,羅富全,130,1157,10,73,1/5/3/6/2,3.5,潘明輝,27.0,35.0,34.0,41.0,38.0,491.0,47504550.0,0.054989816700611,0.3564154786150713,0.054989816700611,0.12627291242362526,0.1955193482688391,羅富全,74.0,56.0,58.0,47.0,34.0,485.0,101923200.0,0.15257731958762888,0.554639175257732,0.15257731958762888,0.26804123711340205,0.38762886597938145,澳洲,3.0,2019.0,棗,閹,345400.0,345400.0,0.0,1.0,0.0,2.0,羅富全,73,63.0,0.0,0.5,0.5,3.0,"[1, 5, 3, 6, 2]",1,3.75,3.4,100.0,0.0,73,0.0,1.2943941299982493,0.1635624953015063,0.9707253433941511,-1.2534651818133176,0.07232962050969344,0.221489518673255,0.20563580669228876,1.6555270998089993,1.4024004494867022,1.3318094038917034,-1.0314427356768354,-1.0613461560078634,-1.1061614171130583,2.065689963603174,1.0089115330048677,-1.3596677762692446,-1.5474358865973257,-1.018137692736457,-1.3160739384779359,0.0,0.0,1.2943941299982487
62,2022,6,3,威武覺醒,何澤堯,呂健威,128,1105,12,71,1/1/4/3/13/6,6.0,何澤堯,38.0,52.0,43.0,43.0,43.0,491.0,98185360.0,0.07739307535641547,0.4460285132382892,0.07739307535641547,0.18329938900203666,0.2708757637474542,呂健威,50.0,43.0,33.0,28.0,39.0,469.0,105597300.0,0.10660980810234541,0.4115138592750533,0.10660980810234541,0.19829424307036247,0.26865671641791045,澳洲,3.0,2019.0,棗,閹,592800.0,592800.0,1.0,0.0,0.0,4.0,呂健威,71,52.0,0.25,0.25,0.25,3.0,"[1, 1, 4, 3, 13, 6]",1,2.25,4.666666666666667,100.0,0.0,71,0.0,0.8745906283771959,-0.6276235284825241,1.52542553961938,-0.9519098052744279,0.8168886024489844,1.169182554366503,1.024650845293744,0.5076733601450644,0.3824848093675861,0.10330521290257191,-0.9186507339589806,-0.9236580060392757,1.8379944459255,0.38659225755840326,-0.3550187966537281,-1.3596677762692446,-1.5474358865973257,-1.623971691720134,-0.7434310797508948,0.0,0.0,0.8745906283771954
63,2022,6,4,張燈結綵,波健士,蔡約翰,127,1116,7,70,7/9/9/7/4/4,12.0,波健士,18.0,24.0,20.0,44.0,30.0,387.0,35957000.0,0.046511627906976744,0.35142118863049093,0.046511627906976744,0.10852713178294573,0.16020671834625322,蔡約翰,74.0,50.0,45.0,58.0,63.0,534.0,118487610.0,0.13857677902621723,0.5430711610486891,0.13857677902621723,0.23220973782771537,0.31647940074906367,英國,5.0,2017.0,棕,閹,3468130.0,3468130.0,3.0,0.0,2.0,18.0,蔡約翰,70,62.0,0.16666666666666666,0.16666666666666666,0.2777777777777778,5.0,"[7, 9, 9, 7, 4, 4]",7,8.0,6.666666666666667,100.0,0.0,70,0.0,0.6646888775666691,-0.4602572542205177,0.1386750490563073,-0.228176901581093,-0.20943794348001715,-0.07341828091678143,-0.17816130965771915,1.3059199028677864,0.8784336888857008,0.5971213567793086,0.39223942893269137,0.04015904374083799,0.8566091582459803,-0.17310697778985384,-0.20347098224721738,0.3578073095445384,0.19342948582466582,0.6983919710506277,0.16074185508127484,0.0,0.0,0.6646888775666687
64,2022,6,5,加州凱歌,鍾易禮,告東尼,123,1325,1,66,7/7/9/6/6/5,10.0,0,0.0,0.0,0.0,0.0,0.0,0.0,0.0,0.0,0.0,0.0,0.0,0.0,告東尼,56.0,53.0,40.0,45.0,46.0,492.0,105658895.0,0.11382113821138211,0.4878048780487805,0.11382113821138211,0.22154471544715448,0.30284552845528456,澳洲,6.0,2016.0,棗,閹,1499350.0,4489350.0,3.0,3.0,3.0,28.0,告東尼,66,73.0,0.10714285714285714,0.21428571428571427,0.32142857142857145,6.0,"[7, 7, 9, 6, 6, 5]",7,7.25,6.666666666666667,100.0,0.0,66,0.0,-0.174918125675438,2.719701956757605,-1.52542553961938,-0.4694212028122047,-1.7552242442503847,-1.8769736317903665,-1.9193761853547293,0.6877473290450117,0.7224782491223442,0.45633824649630783,0.8578232930972336,0.7285997935837764,0.15561966704632368,0.14672115669486444,0.03467558324872799,1.21654485245143,0.19342948582466582,0.39547497155878925,0.16074185508127484,0.0,0.0,-0.17491812567543788
65,2022,6,6,十二馬,梁家俊,蘇偉賢,123,1159,6,66,4/13/10/7/11/11,9.8,梁家俊,35.0,30.0,43.0,39.0,42.0,487.0,56294300.0,0.07186858316221766,0.38809034907597534,0.07186858316221766,0.13347022587268995,0.22176591375770022,蘇偉賢,22.0,28.0,37.0,46.0,45.0,429.0,34189010.0,0.05128205128205128,0.4149184149184149,0.05128205128205128,0.11655011655011654,0.20279720279720279,澳洲,5.0,2017.0,棕,閹,1734850.0,4411345.0,3.0,5.0,3.0,25.0,蘇偉賢,66,68.0,0.12,0.32,0.44,5.0,"[4, 13, 10, 7, 11, 11]",4,8.5,9.333333333333334,100.0,0.0,66,0.0,-0.174918125675438,0.19399272698550746,-0.1386750490563073,-0.4935456329353157,0.6332853888701524,0.34109788728781065,0.4908979401215986,-0.8739148642625932,-0.8128658185666765,-0.5767588928379143,0.8222600752556763,0.5220675686308949,0.3070333971454495,0.8567396152509392,0.6815682538868048,0.3578073095445384,-0.67700320038633,0.90033663737852,1.3663057681908346,0.0,0.0,-0.17491812567543788
66,2022,6,7,金爵士,蔡明紹,方嘉柏,123,1097,5,66,13/6/4/3,9.2,蔡明紹,44.0,45.0,44.0,52.0,45.0,514.0,72970550.0,0.08560311284046693,0.4474708171206226,0.08560311284046693,0.17315175097276264,0.2587548638132296,方嘉柏,37.0,37.0,46.0,50.0,43.0,476.0,79866560.0,0.07773109243697479,0.4474789915966387,0.07773109243697479,0.15546218487394958,0.25210084033613445,紐西蘭,4.0,2018.0,棗,閹,274750.0,274750.0,0.0,0.0,1.0,4.0,方嘉柏,66,66.0,0.0,0.0,0.25,4.0,"[13, 6, 4, 3]",13,6.5,6.5,100.0,0.0,66,0.0,-0.174918125675438,-0.7493444552185289,-0.41602514716892186,-0.5659189233046494,1.0897443170896304,1.000544292525869,0.8929142271907967,-0.2134564270047067,-0.24385166078991524,-0.06765045383899368,-1.0636527394010329,-0.9236580060392757,-1.1061614171130583,-1.2925054484863678,-0.3550187966537281,-0.5009302333623531,1.9342948582466575,0.09255797206695077,0.08539411051192723,0.0,0.0,-0.17491812567543788
67,2022,6,8,合衷共濟,陳嘉熙,賀賢,123,1124,4,66,6/1/2/4/8/10,22.0,陳嘉熙,15.0,10.0,12.0,17.0,16.0,207.0,16600800.0,0.07246376811594203,0.33816425120772947,0.07246376811594203,0.12077294685990338,0.178743961352657,賀賢,24.0,38.0,41.0,29.0,32.0,338.0,37713080.0,0.07100591715976332,0.48520710059171596,0.07100591715976332,0.1834319526627219,0.3047337278106509,澳洲,6.0,2016.0,棗,閹,871350.0,5853375.0,4.0,5.0,9.0,40.0,賀賢,66,73.0,0.1,0.225,0.45,6.0,"[6, 1, 2, 4, 8, 10]",6,3.25,5.166666666666667,100.0,0.0,66,0.0,-0.174918125675438,-0.338536327484513,-0.6933752452815365,0.9780446045744653,0.6530660069498258,0.13008848227702882,0.02331165983036408,-0.38139063406557927,0.16515239751638788,0.47583575772091574,1.4796952015175933,1.5547286933953024,0.07150092810236502,0.21868248695392617,0.7361254670731486,1.21654485245143,-0.09671474291233279,-1.2200823590643493,-0.5173878460428525,0.0,0.0,-0.17491812567543788
68,2022,6,9,必先生,蘇兆輝,苗禮德,120,1061,11,63,9/5/8/9/4/12,18.0,0,0.0,0.0,0.0,0.0,0.0,0.0,0.0,0.0,0.0,0.0,0.0,0.0,苗禮德,22.0,21.0,19.0,27.0,18.0,326.0,33709990.0,0.06748466257668712,0.3282208588957055,0.06748466257668712,0.13190184049079753,0.1901840490797546,南非,4.0,2018.0,棗／棕,雄,94200.0,94200.0,0.0,0.0,0.0,4.0,苗禮德,63,73.0,0.0,0.0,0.0,4.0,"[9, 5, 8, 9, 4, 12]",9,7.75,7.833333333333333,100.0,0.0,63,0.0,-0.8046233781070183,-1.29708862553055,1.2480754415067656,0.495556002112242,-1.7552242442503847,-1.8769736317903665,-1.9193761853547293,-0.469319806450445,-0.5883763826459015,-0.7070020821943362,-1.1459671933628708,-0.9236580060392757,-1.1061614171130583,-1.2925054484863678,-1.718949126312324,-0.5009302333623531,0.7737179432986631,0.5974196378866815,0.6881760670667069,0.0,0.0,-0.8046233781070179
69,2022,6,10,疾風勁草,霍宏聲,黎昭昇,120,1155,2,63,7/7/11/7/9/6,17.0,霍宏聲,12.0,21.0,26.0,21.0,15.0,318.0,23291050.0,0.03773584905660377,0.29874213836477986,0.03773584905660377,0.10377358490566038,0.18553459119496854,黎昭昇,0.0,0.0,0.0,0.0,0.0,0.0,0.0,0.0,0.0,0.0,0.0,0.0,愛爾蘭,6.0,2016.0,棕,閹,180550.0,4998175.0,3.0,2.0,6.0,40.0,鄭俊偉,63,86.0,0.075,0.125,0.275,6.0,"[7, 7, 11, 7, 9, 6]",7,8.0,7.833333333333333,100.0,0.0,63,0.0,-0.8046233781070183,0.13313226361750513,-1.2480754415067656,0.3749338514966861,-0.5010957360781998,-0.15241497755207986,0.09711596603448923,-2.1544778627748293,-2.5171871066470834,-2.67083901558556,1.089801426783925,1.5547286933953024,-0.22291465820149087,-0.4529565954639823,-0.21862576368786837,1.21654485245143,0.19342948582466582,0.6983919710506277,0.6881760670667069,0.0,0.0,-0.8046233781070179
70,2022,6,11,喜勝威龍,楊明綸,大衛希斯,118,1136,3,61,10-Oct,33.0,楊明綸,10.0,18.0,18.0,20.0,21.0,313.0,17506150.0,0.03194888178913738,0.2779552715654952,0.03194888178913738,0.08945686900958466,0.14696485623003194,大衛希斯,36.0,40.0,42.0,31.0,34.0,433.0,55928990.0,0.08314087759815242,0.4226327944572748,0.08314087759815242,0.17551963048498845,0.27251732101616627,澳洲,3.0,2019.0,棗,閹,0.0,0.0,0.0,0.0,0.0,0.0,大衛希斯,61,63.0,0.0,0.0,0.0,3.0,[10],10,10.0,10.0,100.0,0.0,61,0.0,-1.224426879728072,-0.155954937380506,-0.9707253433941511,2.3048882613455794,-0.6934221526669054,-0.39033695279552644,-0.3220811623124653,-0.07836879821226657,0.04944990381820941,0.14316974377127475,-1.188913864995134,-1.199034305976451,-1.1061614171130583,-1.2925054484863678,-1.718949126312324,-1.3596677762692446,1.0638621720356616,1.506170636362197,1.6676967464682242,0.0,0.0,-1.224426879728071
71,2022,6,12,極速奔馳,巴度,姚本輝,118,1191,9,61,6/3/3/2/1/3,7.2,巴度,39.0,44.0,47.0,49.0,53.0,486.0,98145310.0,0.08024691358024691,0.4773662551440329,0.08024691358024691,0.17078189300411523,0.2674897119341564,姚本輝,38.0,47.0,44.0,44.0,31.0,438.0,52789140.0,0.0867579908675799,0.4657534246575342,0.0867579908675799,0.19406392694063926,0.2945205479452055,紐西蘭,5.0,2017.0,棗,閹,1768750.0,3067695.0,2.0,4.0,6.0,20.0,姚本輝,61,55.0,0.1,0.3,0.6,5.0,"[6, 3, 3, 2, 1, 3]",6,3.5,3.0,100.0,0.0,61,0.0,-1.224426879728072,0.6808764339295262,0.6933752452815365,-0.807163224535761,0.9117342191157741,0.9611608687686393,0.9878493687510913,0.011954059365734371,0.3206245723415942,0.37037465346859083,0.20967732219102114,0.17784719370942567,0.07150092810236502,0.7224117987673574,1.554483664868306,0.3578073095445384,-0.09671474291233279,-1.1191100259004032,-1.4969085254443697,0.0,0.0,-1.224426879728071
72,2022,7,1,美麗邂逅,鍾易禮,告東尼,135,1174,1,78,5/8/1/2/4/5,4.4,0,0.0,0.0,0.0,0.0,0.0,0.0,0.0,0.0,0.0,0.0,0.0,0.0,告東尼,56.0,53.0,40.0,45.0,46.0,492.0,105658895.0,0.11382113821138211,0.4878048780487805,0.11382113821138211,0.22154471544715448,0.30284552845528456,英國,4.0,2018.0,棗,閹,949850.0,949850.0,0.0,1.0,2.0,10.0,告東尼,78,75.0,0.0,0.1,0.3,4.0,"[5, 8, 1, 2, 4, 5]",5,4.0,4.166666666666667,100.0,0.0,78,0.0,1.6928854699518876,0.7478881059002318,-1.52542553961938,-0.9268828294833424,-1.4183428581995436,-1.5743834445695133,-1.7184456235765815,0.8212806092548568,0.874014762870692,0.6322601038688905,-0.24458147530221822,-0.12008485620110174,-0.6653589547912004,-0.0923856628360691,0.5682753003039028,0.05536943926847417,-0.5512542775696282,-0.6780547203579181,-0.7693403281956337,0.0,0.0,1.6928854699518878
73,2022,7,2,增有,嘉里,賀賢,132,1046,6,75,2/6/7/3/8,6.0,嘉里,3.0,3.0,4.0,3.0,6.0,65.0,4521550.0,0.046153846153846156,0.2923076923076923,0.046153846153846156,0.09230769230769231,0.15384615384615385,賀賢,24.0,38.0,41.0,29.0,32.0,338.0,37713080.0,0.07100591715976332,0.48520710059171596,0.07100591715976332,0.1834319526627219,0.3047337278106509,澳洲,3.0,2019.0,棗,閹,180550.0,180550.0,0.0,0.0,1.0,4.0,賀賢,75,73.0,0.0,0.0,0.25,3.0,"[2, 6, 7, 3, 8]",2,4.5,5.2,100.0,0.0,75,0.0,1.1675072206564745,-1.4612582992204568,-0.1386750490563073,-0.8247235279559018,-0.015771458122247655,-0.16307025139380088,-0.14580805039511818,-0.169566588319939,0.35896808825902715,0.6505763275901286,-0.7198887623154956,-0.628679541288121,-0.6653589547912004,-0.722428430534152,0.3018316586541927,-0.6090638319532147,-1.4533067317744743,-0.49313070571484957,-0.3723991325107852,0.0,0.0,1.1675072206564745
74,2022,7,3,南莊之歌,何澤堯,沈集成,130,1228,4,73,8/2/5/3/9/5,14.0,何澤堯,38.0,52.0,43.0,43.0,43.0,491.0,98185360.0,0.07739307535641547,0.4460285132382892,0.07739307535641547,0.18329938900203666,0.2708757637474542,沈集成,41.0,37.0,40.0,37.0,32.0,410.0,108393940.0,0.1,0.4560975609756098,0.1,0.1902439024390244,0.28780487804878047,澳洲,6.0,2016.0,棕,閹,2449200.0,4732700.0,4.0,1.0,4.0,34.0,沈集成,73,68.0,0.11764705882352941,0.14705882352941177,0.2647058823529412,6.0,"[8, 2, 5, 3, 9, 5]",8,4.5,5.333333333333333,100.0,0.0,73,0.0,0.8172550544595324,1.6798717455605223,-0.6933752452815365,-0.3139270203186981,0.9335589464107215,1.228122387093052,1.050485500690985,0.5014262273860494,0.4510231329103516,0.48636029886391874,2.092629197618848,1.9142938841469757,0.9513252234549611,0.20410505137479337,0.3801974356099898,1.384235981711852,0.35079817663521806,-0.49313070571484957,-0.32118091371274043,0.0,0.0,0.8172550544595325
75,2022,7,4,越駿知己,蔡明紹,羅富全,129,1166,7,72,1/2/2/1/1/2,3.8,蔡明紹,44.0,45.0,44.0,52.0,45.0,514.0,72970550.0,0.08560311284046693,0.4474708171206226,0.08560311284046693,0.17315175097276264,0.2587548638132296,羅富全,74.0,56.0,58.0,47.0,34.0,485.0,101923200.0,0.15257731958762888,0.554639175257732,0.15257731958762888,0.26804123711340205,0.38762886597938145,紐西蘭,4.0,2018.0,棗,閹,1835600.0,1835600.0,2.0,2.0,1.0,9.0,羅富全,72,52.0,0.2222222222222222,0.4444444444444444,0.5555555555555556,4.0,"[1, 2, 2, 1, 1, 2]",1,1.5,1.5,100.0,0.0,72,0.0,0.6421289713610613,0.6098164555801887,0.1386750490563073,-0.9651925675561327,1.1830541613990726,1.0729728532649536,0.9265839134183117,1.7181918656292459,1.5023575308998758,1.4546894588579062,0.3026737300429143,-0.20485063704893827,2.3883778263404376,2.0777616481239938,1.9300983576246444,0.05536943926847417,-1.7539908831760898,-1.6026747935732613,-1.7937047041565333,0.0,0.0,0.6421289713610614
76,2022,7,5,紅運帝王,巴度,蔡約翰,128,1068,12,71,-,24.0,巴度,39.0,44.0,47.0,49.0,53.0,486.0,98145310.0,0.08024691358024691,0.4773662551440329,0.08024691358024691,0.17078189300411523,0.2674897119341564,蔡約翰,74.0,50.0,45.0,58.0,63.0,534.0,118487610.0,0.13857677902621723,0.5430711610486891,0.13857677902621723,0.23220973782771537,0.31647940074906367,0,0.0,0.0,0,0,0.0,0.0,0.0,0.0,0.0,0.0,0,71,0.0,0.0,0.0,0.0,0.0,[10],10,10.0,10.0,100.0,0.0,71,0.0,0.4670028882625903,-1.0815612608403384,1.52542553961938,0.32456861422780636,1.020284370329911,1.0367395585796528,1.015872790699831,1.3941856818685179,1.0181393004392598,0.764513647124232,-0.8314404725328974,-0.9677426646794672,-0.6653589547912004,-0.722428430534152,-1.0303865495943585,-2.6023636456182815,0.9521664794384489,1.5410334553589053,1.4714567442188338,0.0,0.0,0.46700288826259034
77,2022,7,6,齊天大聖,霍宏聲,伍鵬志,126,1168,2,69,8/1/2/4/4/3,6.7,霍宏聲,12.0,21.0,26.0,21.0,15.0,318.0,23291050.0,0.03773584905660377,0.29874213836477986,0.03773584905660377,0.10377358490566038,0.18553459119496854,0,0.0,0.0,0.0,0.0,0.0,0.0,0.0,0.0,0.0,0.0,0.0,0.0,紐西蘭,4.0,2018.0,棗,閹,360300.0,360300.0,0.0,0.0,1.0,6.0,文家良,69,63.0,0.0,0.0,0.16666666666666666,4.0,"[8, 1, 2, 4, 4, 3]",8,3.75,3.6666666666666665,100.0,0.0,69,0.0,0.11675072206564818,0.6443343681601995,-1.2480754415067656,-0.7800288335376465,-0.271586367570308,0.012234374802553336,0.1781157264708748,-1.8128143002529715,-2.1198870336018465,-2.3054521860960753,-0.6088313271918291,-0.4591479795924479,-0.6653589547912004,-0.722428430534152,-0.14224107742865777,0.05536943926847417,0.35079817663521806,-0.7705167276794525,-0.9614086486883026,0.0,0.0,0.11675072206564821
78,2022,7,7,多利神駒,希威森,韋達,125,1062,10,68,3/6/1/5/9/5,8.1,希威森,18.0,17.0,21.0,19.0,19.0,240.0,20595830.0,0.075,0.39166666666666666,0.075,0.14583333333333334,0.23333333333333334,韋達,38.0,45.0,54.0,38.0,48.0,440.0,85517850.0,0.08636363636363636,0.5068181818181818,0.08636363636363636,0.18863636363636363,0.31136363636363634,巴西,4.0,2018.0,栗,雄,204100.0,204100.0,0.0,0.0,0.0,6.0,韋達,68,70.0,0.0,0.0,0.0,4.0,"[3, 6, 1, 5, 9, 5]",3,3.75,4.833333333333333,100.0,0.0,68,0.0,-0.05837536103282285,-1.1851149985803706,0.9707253433941511,-0.6906394447011358,0.8608356669260621,0.655295384926838,0.6667213624153044,0.18584797361709185,0.429299241643203,0.7148888632144575,-0.7053385392436605,-0.4591479795924479,-0.6653589547912004,-0.722428430534152,-1.0303865495943585,0.05536943926847417,-1.152622580372859,-0.7705167276794525,-0.513249234205409,0.0,0.0,-0.058375361032822856
79,2022,7,8,馬梟雄,梁家俊,蘇偉賢,124,1186,11,67,9,30.0,梁家俊,35.0,30.0,43.0,39.0,42.0,487.0,56294300.0,0.07186858316221766,0.38809034907597534,0.07186858316221766,0.13347022587268995,0.22176591375770022,蘇偉賢,22.0,28.0,37.0,46.0,45.0,429.0,34189010.0,0.05128205128205128,0.4149184149184149,0.05128205128205128,0.11655011655011654,0.20279720279720279,澳洲,3.0,2019.0,棗,閹,0.0,0.0,0.0,0.0,0.0,0.0,蘇偉賢,67,67.0,0.0,0.0,0.0,3.0,[9],9,9.0,9.0,100.0,0.0,67,0.0,-0.2335014441312939,0.9549955813802964,1.2480754415067656,0.7076659949557091,0.7656748934608588,0.466273037691741,0.5484775311942343,-0.6260242860791148,-0.5448568975221125,-0.3382452140577721,-0.8314404725328974,-0.9677426646794672,-0.6653589547912004,-0.722428430534152,-1.0303865495943585,-0.6090638319532147,0.6514823280368335,1.171185426072768,1.0873201032334965,0.0,0.0,-0.23350144413129392
80,2022,7,9,友心友型,班德禮,葉楚航,120,1117,8,63,8/2/11/2/10/4,21.0,班德禮,21.0,26.0,35.0,24.0,37.0,388.0,31382800.0,0.05412371134020619,0.36855670103092786,0.05412371134020619,0.1211340206185567,0.211340206185567,葉楚航,21.0,29.0,23.0,30.0,30.0,428.0,24709910.0,0.04906542056074766,0.3107476635514019,0.04906542056074766,0.11682242990654206,0.1705607476635514,澳洲,5.0,2017.0,棗,閹,2064200.0,2214200.0,1.0,5.0,1.0,15.0,葉楚航,63,48.0,0.06666666666666667,0.4,0.4666666666666667,5.0,"[8, 2, 11, 2, 10, 4]",8,5.75,6.166666666666667,100.0,0.0,63,0.0,-0.934005776525178,-0.23587240263007483,0.41602514716892186,0.13301992386385503,0.22642514962305857,0.27766200437885497,0.4419044447371296,-0.6773224525796203,-0.5411769205686552,-0.6509506085011795,0.5365894181531792,0.303744048038081,0.25076207954829105,1.7977426402581793,1.4564207724696039,0.7198027104901631,0.35079817663521806,-0.030820669107177994,-0.001067046224959096,0.0,0.0,-0.9340057765251781
81,2022,7,10,電訊飛車,黃皓楠,徐雨石,119,1162,3,62,8-Oct,57.0,黃皓楠,0.0,2.0,4.0,1.0,6.0,89.0,1521700.0,0.0,0.14606741573033707,0.0,0.02247191011235955,0.06741573033707865,徐雨石,14.0,14.0,30.0,17.0,27.0,374.0,20446750.0,0.0374331550802139,0.2727272727272727,0.0374331550802139,0.0748663101604278,0.15508021390374332,澳洲,4.0,2018.0,栗,閹,0.0,0.0,0.0,0.0,0.0,0.0,徐雨石,62,64.0,0.0,0.0,0.0,4.0,[10],10,10.0,10.0,100.0,0.0,62,0.0,-1.109131859623649,0.5407806304201672,-0.9707253433941511,2.431604208231271,-1.4183428581995436,-1.2308053263806695,-1.0293123049914459,-0.9465210546126964,-1.1081617932494527,-0.8011174427726668,-0.8314404725328974,-0.9677426646794672,-0.6653589547912004,-0.722428430534152,-1.0303865495943585,0.05536943926847417,0.9521664794384489,1.5410334553589053,1.4714567442188338,0.0,0.0,-1.1091318596236492
82,2022,7,11,善傳萬里,楊明綸,文家良,118,1110,5,61,7/2/7/11/8/8,19.0,楊明綸,10.0,18.0,18.0,20.0,21.0,313.0,17506150.0,0.03194888178913738,0.2779552715654952,0.03194888178913738,0.08945686900958466,0.14696485623003194,文家良,27.0,32.0,24.0,38.0,28.0,373.0,34799210.0,0.07238605898123325,0.39946380697050937,0.07238605898123325,0.1581769436997319,0.2225201072386059,澳洲,5.0,2017.0,棗,閹,1181550.0,3995155.0,4.0,2.0,1.0,31.0,文家良,61,61.0,0.12903225806451613,0.1935483870967742,0.22580645161290322,5.0,"[7, 2, 7, 11, 8, 8]",7,6.75,7.166666666666667,100.0,0.0,61,0.0,-1.2842579427221201,-0.3566850966601125,-0.41602514716892186,0.0053207969545541285,-0.4474467878584975,-0.20665713382414783,-0.21614966708694097,-0.1376267869485864,0.0176779945115126,-0.14692583395383405,1.636941542607529,1.6599965416034659,1.1077785310271702,0.4970091843653631,0.17290731592046188,0.7198027104901631,0.05011402523360266,0.33902736017895924,0.3830695947603782,0.0,0.0,-1.2842579427221203
83,2022,7,12,簹多福,麥利奧,苗禮德,118,1081,9,61,11/5/6/4/10/6,33.0,0,0.0,0.0,0.0,0.0,0.0,0.0,0.0,0.0,0.0,0.0,0.0,0.0,苗禮德,22.0,21.0,19.0,27.0,18.0,326.0,33709990.0,0.06748466257668712,0.3282208588957055,0.06748466257668712,0.13190184049079753,0.1901840490797546,南非,5.0,2017.0,棕,閹,989100.0,1676100.0,1.0,1.0,0.0,22.0,苗禮德,61,68.0,0.045454545454545456,0.09090909090909091,0.09090909090909091,5.0,"[11, 5, 6, 4, 10, 6]",11,6.5,7.0,100.0,0.0,61,0.0,-1.2842579427221201,-0.8571948290702684,0.6933752452815365,0.8992146853196604,-1.4183428581995436,-1.5743834445695133,-1.7184456235765815,-0.25105688896283485,-0.33739740659185563,-0.4605974141380048,0.20412763322942443,0.8971045139729369,-0.0407309768324562,-0.14966227808134938,-0.5459435647767036,0.7198027104901631,1.2528506308400642,0.24656535285742495,0.31904682126282186,0.0,0.0,-1.2842579427221203
84,2022,8,1,電訊巴打,蘇兆輝,徐雨石,135,1113,11,98,1/4/3/5/4/4,16.0,0,0.0,0.0,0.0,0.0,0.0,0.0,0.0,0.0,0.0,0.0,0.0,0.0,徐雨石,14.0,14.0,30.0,17.0,27.0,374.0,20446750.0,0.0374331550802139,0.2727272727272727,0.0374331550802139,0.0748663101604278,0.15508021390374332,澳洲,5.0,2017.0,棗／棕,閹,4134000.0,7828000.0,4.0,4.0,5.0,26.0,徐雨石,98,82.0,0.15384615384615385,0.3076923076923077,0.5,5.0,"[1, 4, 3, 5, 4, 4]",1,3.25,3.5,100.0,0.0,98,0.0,1.588801714231655,-0.1333698399894987,1.2480754415067656,0.2326382195715314,-1.2230133845310818,-1.3667631428420113,-1.417414199825189,-1.3137556535669253,-1.6612121735999084,-1.5108542061652523,0.6242106119894522,0.3876872805692929,-0.2468909219403661,-0.3260098673086508,0.1840676925086454,0.0,-1.127652428720836,-0.9590199563728029,-0.9528005872765005,0.0,0.0,1.5888017142316542
85,2022,8,2,包裝智威,馬雅,呂健威,134,1054,7,97,1/5/5/6/3/3,4.6,馬雅,22.0,12.0,22.0,16.0,25.0,265.0,23293350.0,0.0830188679245283,0.3660377358490566,0.0830188679245283,0.12830188679245283,0.21132075471698114,呂健威,50.0,43.0,33.0,28.0,39.0,469.0,105597300.0,0.10660980810234541,0.4115138592750533,0.10660980810234541,0.19829424307036247,0.26865671641791045,紐西蘭,4.0,2018.0,棗,閹,2793400.0,2793400.0,0.0,1.0,2.0,5.0,呂健威,97,80.0,0.0,0.2,0.6,4.0,"[1, 5, 5, 6, 3, 3]",1,4.25,3.8333333333333335,100.0,0.0,97,0.0,1.4258476922591776,-1.19433440979359,0.1386750490563073,-1.0933996319861976,1.1882856107223565,0.5179210499544805,0.6106864034635001,0.3062085519513234,0.24888420516150617,-0.024473748130441616,-1.0952859277736577,-1.188073924325252,-1.3091389417082893,-1.1560382243129395,1.2742658830299607,-1.048808848170152,-1.127652428720836,-0.5288053965046297,-0.7755353617366864,0.0,0.0,1.4258476922591767
86,2022,8,3,加州得迅,鍾易禮,告東尼,131,1184,6,94,12/11/8/9/6/3,26.0,0,0.0,0.0,0.0,0.0,0.0,0.0,0.0,0.0,0.0,0.0,0.0,0.0,告東尼,56.0,53.0,40.0,45.0,46.0,492.0,105658895.0,0.11382113821138211,0.4878048780487805,0.11382113821138211,0.22154471544715448,0.30284552845528456,澳洲,5.0,2017.0,栗,閹,4652250.0,10058000.0,3.0,7.0,5.0,28.0,告東尼,94,88.0,0.10714285714285714,0.35714285714285715,0.5357142857142857,5.0,"[12, 11, 8, 9, 6, 3]",12,10.0,8.166666666666666,100.0,0.0,94,0.0,0.9369856263417452,1.1433841338425432,-0.1386750490563073,1.3958293174291885,-1.2230133845310818,-1.3667631428420113,-1.417414199825189,0.4750819527369618,0.6086945174982537,0.42295667075782617,1.3858356236431555,0.5377597762735353,-0.5693590707984858,0.055125602744338816,0.5734241891234008,0.0,1.7909773867919159,1.9449283227373662,1.5289125702808954,0.0,0.0,0.9369856263417448
87,2022,8,4,星運子爵,霍宏聲,方嘉柏,129,1216,2,92,7/1/4/10/6/12,13.0,霍宏聲,12.0,21.0,26.0,21.0,15.0,318.0,23291050.0,0.03773584905660377,0.29874213836477986,0.03773584905660377,0.10377358490566038,0.18553459119496854,方嘉柏,37.0,37.0,46.0,50.0,43.0,476.0,79866560.0,0.07773109243697479,0.4474789915966387,0.07773109243697479,0.15546218487394958,0.25210084033613445,英國,6.0,2016.0,栗,閹,2294250.0,8218000.0,4.0,5.0,3.0,25.0,方嘉柏,92,97.0,0.16,0.36,0.48,6.0,"[7, 1, 4, 10, 6, 12]",7,5.5,6.666666666666667,100.0,0.0,92,0.0,0.6110775823967903,1.7188225445837453,-1.2480754415067656,-0.1163191097857657,-0.1269683866886098,0.15761377780221006,0.36320984175267773,-0.3700670935944725,-0.4139589400410114,-0.24114119367471892,0.757409605058934,0.3126510327171717,-0.20440100114964924,0.07714676323628916,-0.03397194559561787,1.048808848170152,0.464327470649756,0.008962803330586815,0.7312190553517328,0.0,0.0,0.61107758239679
88,2022,8,5,大眾開心,巴度,羅富全,127,1133,12,90,2/12/1/14/2/5,16.0,巴度,39.0,44.0,47.0,49.0,53.0,486.0,98145310.0,0.08024691358024691,0.4773662551440329,0.08024691358024691,0.17078189300411523,0.2674897119341564,羅富全,74.0,56.0,58.0,47.0,34.0,485.0,101923200.0,0.15257731958762888,0.554639175257732,0.15257731958762888,0.26804123711340205,0.38762886597938145,紐西蘭,5.0,2017.0,棗,閹,2237000.0,5682000.0,5.0,4.0,0.0,20.0,羅富全,90,78.0,0.25,0.45,0.45,5.0,"[2, 12, 1, 14, 2, 5]",2,7.25,6.0,100.0,0.0,90,0.0,0.2851695384518355,0.22627916672375256,1.52542553961938,0.2326382195715314,1.1077736633499773,1.1419289910577004,1.1497545899784316,1.382665997776067,1.3282466931350914,1.5325197694020003,-0.1087253857723628,-0.06253020654343423,0.4170140904145858,0.7708133187327305,-0.3610314027520122,0.0,-0.862322445492404,0.7618382830998899,0.3766886042721046,0.0,0.0,0.28516953845183535
89,2022,8,6,喜駿駒,嘉里,蔡約翰,126,1103,10,89,4/3/3/5/7/2,8.3,嘉里,3.0,3.0,4.0,3.0,6.0,65.0,4521550.0,0.046153846153846156,0.2923076923076923,0.046153846153846156,0.09230769230769231,0.15384615384615385,蔡約翰,74.0,50.0,45.0,58.0,63.0,534.0,118487610.0,0.13857677902621723,0.5430711610486891,0.13857677902621723,0.23220973782771537,0.31647940074906367,紐西蘭,5.0,2017.0,棗,閹,2340000.0,8243000.0,3.0,7.0,2.0,26.0,蔡約翰,89,92.0,0.11538461538461539,0.38461538461538464,0.46153846153846156,5.0,"[4, 3, 3, 5, 7, 2]",4,3.75,4.0,100.0,0.0,89,0.0,0.12221551647935808,-0.31319434334612434,0.9707253433941511,-0.6630189257788645,0.11753395898394174,-0.010813881961277317,0.05908761300860942,1.0548043048991773,0.7737399828823629,0.6013837300193816,0.7659480020505673,0.3876872805692929,-0.5124529268823469,0.2668675305515554,-0.2352393038457064,0.0,-0.33166247903553997,-0.7439126764387163,-0.6869027489667795,0.0,0.0,0.12221551647935801
90,2022,8,7,俏芳華,何澤堯,羅富全,124,1097,1,87,4/3/5/8/14/12,5.7,何澤堯,38.0,52.0,43.0,43.0,43.0,491.0,98185360.0,0.07739307535641547,0.4460285132382892,0.07739307535641547,0.18329938900203666,0.2708757637474542,羅富全,74.0,56.0,58.0,47.0,34.0,485.0,101923200.0,0.15257731958762888,0.554639175257732,0.15257731958762888,0.26804123711340205,0.38762886597938145,紐西蘭,4.0,2018.0,棕,閹,5586700.0,6946700.0,6.0,1.0,0.0,14.0,羅富全,87,63.0,0.42857142857142855,0.5,0.5,4.0,"[4, 3, 5, 8, 14, 12]",4,5.0,7.666666666666667,100.0,0.0,87,0.0,-0.2036925274655968,-0.4210890453600997,-1.52542553961938,-0.9654486112218554,1.0248833829381019,1.3258041267276741,1.1822514156428736,1.382665997776067,1.3282466931350914,1.5325197694020003,0.32321504124038997,-0.5127476936561614,1.649980541930925,1.1561836273418644,0.1840676925086454,-1.048808848170152,-0.33166247903553997,-0.20614447660349977,1.2630147319711749,0.0,0.0,-0.20369252746559668
91,2022,8,8,包裝大獎,潘明輝,何良,123,1164,4,86,1/2/1/7/2/1,5.5,潘明輝,27.0,35.0,34.0,41.0,38.0,491.0,47504550.0,0.054989816700611,0.3564154786150713,0.054989816700611,0.12627291242362526,0.1955193482688391,何良,9.0,12.0,10.0,10.0,7.0,159.0,10613440.0,0.05660377358490566,0.3018867924528302,0.05660377358490566,0.1320754716981132,0.1949685534591195,澳洲,4.0,2018.0,棕,閹,3135800.0,4040800.0,4.0,3.0,1.0,12.0,何良,86,59.0,0.3333333333333333,0.5833333333333334,0.6666666666666666,4.0,"[1, 2, 1, 7, 2, 1]",1,2.75,2.3333333333333335,100.0,0.0,86,0.0,-0.36664654943807423,0.783735127129292,-0.6933752452815365,-0.9887124331790086,0.37417642393386463,0.4881165317504388,0.45903616923446505,-0.8648221706863521,-0.7758776329587098,-0.9888338312979018,-0.6692540714791153,-0.6628201893604038,0.9923984344555441,1.7984674750237546,2.0010646767108375,-1.048808848170152,-1.127652428720836,-1.1741272363068895,-1.5732288766658495,0.0,0.0,-0.366646549438074
92,2022,8,9,一先生,麥利奧,姚本輝,119,1132,5,82,5/10/1/2/3/3,8.9,0,0.0,0.0,0.0,0.0,0.0,0.0,0.0,0.0,0.0,0.0,0.0,0.0,姚本輝,38.0,47.0,44.0,44.0,31.0,438.0,52789140.0,0.0867579908675799,0.4657534246575342,0.0867579908675799,0.19406392694063926,0.2945205479452055,愛爾蘭,4.0,2018.0,栗,閹,800700.0,800700.0,0.0,1.0,2.0,7.0,姚本輝,82,76.0,0.0,0.14285714285714285,0.42857142857142855,4.0,"[5, 10, 1, 2, 3, 3]",5,4.5,4.0,100.0,0.0,82,0.0,-1.018462637327984,0.20829671638809,-0.41602514716892186,-0.5932274599074051,-1.2230133845310818,-1.3667631428420113,-1.417414199825189,-0.1586770984793466,0.18341837963968916,0.314007301215841,-1.7758644751827763,-1.0380014286210097,-1.3091389417082893,-1.5964614341519499,-0.5946453007208659,-1.048808848170152,-0.066332495807108,-0.4212517565375864,-0.6869027489667795,0.0,0.0,-1.0184626373279835
93,2022,8,10,無心睡眠,楊明綸,鄭俊偉,119,1073,8,82,10/3/9/1/3/3,30.0,楊明綸,10.0,18.0,18.0,20.0,21.0,313.0,17506150.0,0.03194888178913738,0.2779552715654952,0.03194888178913738,0.08945686900958466,0.14696485623003194,鄭俊偉,9.0,18.0,20.0,17.0,14.0,260.0,13047750.0,0.03461538461538462,0.3,0.03461538461538462,0.10384615384615385,0.18076923076923077,澳洲,6.0,2016.0,棗,閹,2150900.0,5147810.0,5.0,2.0,5.0,27.0,鄭俊偉,82,76.0,0.18518518518518517,0.25925925925925924,0.4444444444444444,6.0,"[10, 3, 9, 1, 3, 3]",10,5.75,4.833333333333333,100.0,0.0,82,0.0,-1.018462637327984,-0.8526678534160013,0.41602514716892186,1.8611057565722513,-0.29505196463250327,-0.05269090918762599,-0.006954001622934407,-1.379741605372509,-1.2127375603082056,-1.1746609636393672,-0.2911704373307896,0.46272352842141407,-0.030507066061715226,-0.6993030437391512,-0.4215979688920857,1.048808848170152,1.260317420335052,0.11651644329763011,-0.2437396851172446,0.0,0.0,-1.0184626373279835
94,2022,8,11,讓愛高飛,蔡明紹,告東尼,119,1021,9,82,7/8/1/1/8/5,10.0,蔡明紹,44.0,45.0,44.0,52.0,45.0,514.0,72970550.0,0.08560311284046693,0.4474708171206226,0.08560311284046693,0.17315175097276264,0.2587548638132296,告東尼,56.0,53.0,40.0,45.0,46.0,492.0,105658895.0,0.11382113821138211,0.4878048780487805,0.11382113821138211,0.22154471544715448,0.30284552845528456,愛爾蘭,5.0,2017.0,棗,閹,2833850.0,2833850.0,3.0,0.0,0.0,7.0,告東尼,82,64.0,0.42857142857142855,0.42857142857142855,0.42857142857142855,5.0,"[7, 8, 1, 1, 8, 5]",7,4.25,5.0,100.0,0.0,82,0.0,-1.018462637327984,-1.7877552708704545,0.6933752452815365,-0.4652764391430628,1.2633455016251873,1.1767409019683148,1.0659239659234856,0.4750819527369618,0.6086945174982537,0.42295667075782617,-1.0814708014411947,-1.0380014286210097,1.649980541930925,0.6056546150431014,-0.5946453007208659,0.0,0.464327470649756,-0.5288053965046297,-0.15510707234733742,0.0,0.0,-1.0184626373279835
95,2022,8,12,天池怪俠,黎海榮,蘇偉賢,117,1155,3,80,9/10/11/8/6/1,24.0,黎海榮,1.0,5.0,4.0,6.0,2.0,122.0,2982250.0,0.00819672131147541,0.14754098360655737,0.00819672131147541,0.04918032786885246,0.08196721311475409,蘇偉賢,22.0,28.0,37.0,46.0,45.0,429.0,34189010.0,0.05128205128205128,0.4149184149184149,0.05128205128205128,0.11655011655011654,0.20279720279720279,紐西蘭,7.0,2015.0,棕,閹,2933550.0,9411850.0,6.0,6.0,4.0,53.0,蘇偉賢,80,72.0,0.11320754716981132,0.22641509433962265,0.3018867924528302,7.0,"[9, 10, 11, 8, 6, 1]",9,9.5,7.5,100.0,0.0,80,0.0,-1.3443706812729388,0.621893074108329,-0.9707253433941511,1.1631910978576572,-0.9849380366390693,-0.6443311595858826,-0.6307533979055424,-0.9894451361769513,-1.0161386820424088,-0.8863799686471949,1.1651522149973974,2.4136659725765655,-0.5274847384828364,-0.9524463631609441,-1.9757589113543381,2.097617696340304,0.99498743710662,1.7298210428032796,1.1743821192012676,0.0,0.0,-1.3443706812729381
96,2022,9,1,赤馬雄風,楊明綸,大衛希斯,135,1234,8,77,1/8/10/11/7/2,19.0,楊明綸,10.0,18.0,18.0,20.0,21.0,313.0,17506150.0,0.03194888178913738,0.2779552715654952,0.03194888178913738,0.08945686900958466,0.14696485623003194,大衛希斯,36.0,40.0,42.0,31.0,34.0,433.0,55928990.0,0.08314087759815242,0.4226327944572748,0.08314087759815242,0.17551963048498845,0.27251732101616627,紐西蘭,5.0,2017.0,棗,閹,3813660.0,5403660.0,7.0,2.0,2.0,26.0,大衛希斯,77,49.0,0.2692307692307692,0.34615384615384615,0.4230769230769231,5.0,"[1, 8, 10, 11, 7, 2]",1,7.5,6.5,100.0,0.0,77,0.0,1.0181376927364534,1.4527956986788637,0.41602514716892186,0.6147369994222581,-0.6404745703424826,-0.37387902805718404,-0.3256927799294788,-0.32606668254921367,-0.2362404776577139,-0.0010635298832850626,1.5108244805440378,0.8193029833735653,1.755779877976255,1.095294165580395,1.016691074246362,0.07690239589651036,-1.0557728834776334,0.3745301524746608,0.01953243338817519,0.0,0.0,1.018137692736458
97,2022,9,2,喜譽寶,巴度,蔡約翰,134,1107,9,76,12/12/8/7/7/10,26.0,巴度,39.0,44.0,47.0,49.0,53.0,486.0,98145310.0,0.08024691358024691,0.4773662551440329,0.08024691358024691,0.17078189300411523,0.2674897119341564,蔡約翰,74.0,50.0,45.0,58.0,63.0,534.0,118487610.0,0.13857677902621723,0.5430711610486891,0.13857677902621723,0.23220973782771537,0.31647940074906367,澳洲,4.0,2018.0,棗,閹,1841650.0,1841650.0,1.0,1.0,1.0,8.0,蔡約翰,76,77.0,0.125,0.25,0.375,4.0,"[12, 12, 8, 7, 7, 10]",12,9.75,9.333333333333334,100.0,0.0,76,0.0,0.859466883478824,-0.07519646473493084,0.6933752452815365,1.486998958061949,1.079331172112153,1.011828400001069,1.0083358146901986,1.4228084662042162,1.0691032700638718,0.7764678235260254,-0.20016870901914433,-0.5316088060057486,0.27277072679309616,0.4754323628489667,0.7355820734473106,-0.8459263548616174,1.6768157561115353,1.3152105354342742,1.1914784366787021,0.0,0.0,0.8594668834788284
98,2022,9,3,合約精神,班德禮,羅富全,134,1199,7,76,7/7/11/1/1/5,23.0,班德禮,21.0,26.0,35.0,24.0,37.0,388.0,31382800.0,0.05412371134020619,0.36855670103092786,0.05412371134020619,0.1211340206185567,0.211340206185567,羅富全,74.0,56.0,58.0,47.0,34.0,485.0,101923200.0,0.15257731958762888,0.554639175257732,0.15257731958762888,0.26804123711340205,0.38762886597938145,澳洲,5.0,2017.0,栗,閹,3096300.0,4226300.0,4.0,3.0,1.0,22.0,羅富全,76,60.0,0.18181818181818182,0.3181818181818182,0.36363636363636365,5.0,"[7, 7, 11, 1, 1, 5]",7,6.5,5.333333333333333,100.0,0.0,76,0.0,0.859466883478824,1.0316954961632512,0.1386750490563073,1.1131724043592244,0.14913108822393656,0.16587198741416875,0.3868453693810251,1.8644933098923793,1.894157688840912,2.034846415507885,0.9452856578949975,0.5191003635114956,0.8569864530167648,0.914970732058525,0.6691381278038986,0.07690239589651036,0.43473001084373136,-0.04355001772961186,-0.4630335679667477,0.0,0.0,0.8594668834788284
99,2022,9,4,確妙星,周俊樂,容天鵬,132,1151,6,74,1/13/5/6/5/2,17.0,周俊樂,27.0,33.0,27.0,37.0,35.0,389.0,42045200.0,0.06940874035989718,0.4087403598971722,0.06940874035989718,0.15424164524421594,0.2236503856041131,容天鵬,33.0,32.0,21.0,30.0,48.0,390.0,35935655.0,0.08461538461538462,0.4205128205128205,0.08461538461538462,0.16666666666666666,0.2205128205128205,愛爾蘭,7.0,2015.0,栗,閹,1343480.0,2212480.0,0.0,3.0,2.0,21.0,容天鵬,74,84.0,0.0,0.14285714285714285,0.23809523809523808,7.0,"[1, 13, 5, 6, 5, 2]",1,6.25,5.333333333333333,100.0,0.0,74,0.0,0.5421252649635654,0.45418664699898226,-0.1386750490563073,0.36551929695377505,0.693403384771001,0.72999701456726,0.5231005115531401,-0.2795493785518001,-0.4400884065245194,-0.920836432016563,-0.022042425127264516,0.44404970854597814,-1.0125038708989749,-0.2152707887660535,-0.06490927168522596,1.9225598974127658,-1.0557728834776334,-0.14807006028068004,-0.4630335679667477,0.0,0.0,0.5421252649635689
100,2022,9,5,燊榮之星,麥利奧,沈集成,132,1183,4,74,1/2/3/2/5,5.1,0,0.0,0.0,0.0,0.0,0.0,0.0,0.0,0.0,0.0,0.0,0.0,0.0,沈集成,41.0,37.0,40.0,37.0,32.0,410.0,108393940.0,0.1,0.4560975609756098,0.1,0.1902439024390244,0.28780487804878047,愛爾蘭,4.0,2018.0,棗,閹,54950.0,54950.0,0.0,0.0,0.0,1.0,沈集成,74,63.0,0.0,0.0,0.0,4.0,"[1, 2, 3, 2, 5]",1,2.0,2.6,100.0,0.0,74,0.0,0.5421252649635654,0.8391925464418282,-0.6933752452815365,-1.1173260327336996,-1.7781165886260717,-1.898145997664872,-1.952372351289657,0.20579984146940267,0.10279991644058699,0.2693184671038974,-1.0584008677701129,-1.0569633907643707,-1.0125038708989749,-1.136208324252747,-1.4570681327852892,-0.8459263548616174,-1.0557728834776334,-1.9249107836488388,-1.593616771141138,0.0,0.0,0.5421252649635689
101,2022,9,6,快搏,潘明輝,賀賢,132,1070,2,74,3/7/12/1/8/3,8.3,潘明輝,27.0,35.0,34.0,41.0,38.0,491.0,47504550.0,0.054989816700611,0.3564154786150713,0.054989816700611,0.12627291242362526,0.1955193482688391,賀賢,24.0,38.0,41.0,29.0,32.0,338.0,37713080.0,0.07100591715976332,0.48520710059171596,0.07100591715976332,0.1834319526627219,0.3047337278106509,澳洲,4.0,2018.0,棗,閹,361100.0,361100.0,0.0,0.0,2.0,7.0,賀賢,74,70.0,0.0,0.0,0.2857142857142857,4.0,"[3, 7, 12, 1, 8, 3]",3,5.75,5.666666666666667,100.0,0.0,74,0.0,0.5421252649635654,-0.5203595359657214,-1.2480754415067656,-0.7185777087841264,0.17997153693698575,0.2534342185270683,0.21173230470213592,-0.7088967654936333,-0.05405171900495297,0.5687290397379342,-0.9113432893285116,-0.606659460971266,-1.0125038708989749,-1.136208324252747,0.21352250053478672,-0.8459263548616174,-0.5589385853705118,-0.3571101453828164,-0.32515756757962666,0.0,0.0,0.5421252649635689
102,2022,9,7,自力更生,何澤堯,呂健威,132,1008,10,74,2/4/9/1/2/3,4.5,何澤堯,38.0,52.0,43.0,43.0,43.0,491.0,98185360.0,0.07739307535641547,0.4460285132382892,0.07739307535641547,0.18329938900203666,0.2708757637474542,呂健威,50.0,43.0,33.0,28.0,39.0,469.0,105597300.0,0.10660980810234541,0.4115138592750533,0.10660980810234541,0.19829424307036247,0.26865671641791045,澳洲,4.0,2018.0,棕,閹,1420850.0,1420850.0,1.0,1.0,1.0,7.0,呂健威,74,64.0,0.14285714285714285,0.2857142857142857,0.42857142857142855,4.0,"[2, 4, 9, 1, 2, 3]",2,4.0,3.5,100.0,0.0,74,0.0,0.5421252649635654,-1.2663084661362354,0.9707253433941511,-1.1920913434742444,0.9777111436478608,1.2251156064847186,1.0458143075323063,0.4143240799220086,0.28816668152035707,-0.06934376449679484,-0.40229782549219945,-0.606659460971266,0.456381383606249,0.70566674672064,1.0488178171948248,-0.8459263548616174,-0.8073557344240726,-1.0887504432402935,-1.2213515700959119,0.0,0.0,0.5421252649635689
103,2022,9,8,幸福老撾,梁家俊,鄭俊偉,130,1226,11,72,11/5/6/7/13/11,8.4,梁家俊,35.0,30.0,43.0,39.0,42.0,487.0,56294300.0,0.07186858316221766,0.38809034907597534,0.07186858316221766,0.13347022587268995,0.22176591375770022,鄭俊偉,9.0,18.0,20.0,17.0,14.0,260.0,13047750.0,0.03461538461538462,0.3,0.03461538461538462,0.10384615384615385,0.18076923076923077,愛爾蘭,5.0,2017.0,棗,閹,54950.0,5340200.0,3.0,1.0,0.0,22.0,告東尼,72,91.0,0.13636363636363635,0.18181818181818182,0.18181818181818182,5.0,"[11, 5, 6, 7, 13, 11]",11,7.25,8.833333333333334,100.0,0.0,72,0.0,0.22478364644830673,1.3565442238181524,1.2480754415067656,-0.7061168236607023,0.7809939473691478,0.37607015785495895,0.5022422469720815,-1.856934343620709,-1.8865905827007767,-1.623757843160664,1.4803417958211764,0.5191003635114956,0.38961387203782977,0.035893993639408484,-0.3939650024906954,0.07690239589651036,1.4283986070579746,0.27001010992359264,0.984664436098021,0.0,0.0,0.2247836464483095
104,2022,9,9,又龍串鳳,霍宏聲,告東尼,125,1054,3,67,5/8/12/8/14/5,7.4,霍宏聲,12.0,21.0,26.0,21.0,15.0,318.0,23291050.0,0.03773584905660377,0.29874213836477986,0.03773584905660377,0.10377358490566038,0.18553459119496854,告東尼,56.0,53.0,40.0,45.0,46.0,492.0,105658895.0,0.11382113821138211,0.4878048780487805,0.11382113821138211,0.22154471544715448,0.30284552845528456,智利,5.0,2017.0,棗,閹,84000.0,84000.0,0.0,0.0,0.0,5.0,告東尼,67,80.0,0.0,0.0,0.0,5.0,"[5, 8, 12, 8, 14, 5]",5,8.25,8.666666666666666,100.0,0.0,67,0.0,-0.5685703998398399,-0.7128624856871444,-0.9707253433941511,-0.8307256748949439,-0.4344111104269645,-0.1299346848753605,0.1012160848812761,0.641824953764873,0.8235309658942626,0.5353335723441124,-1.0444468496295658,-0.7567607709023009,-1.0125038708989749,-1.136208324252747,-1.4570681327852892,0.07690239589651036,-0.06210428726339019,0.6880902801278653,0.9157264359044601,0.0,0.0,-0.568570399839839
105,2022,9,10,電子傳奇,蘇兆輝,文家良,119,1090,1,61,8/2/4/2/1/7,7.1,0,0.0,0.0,0.0,0.0,0.0,0.0,0.0,0.0,0.0,0.0,0.0,0.0,文家良,27.0,32.0,24.0,38.0,28.0,373.0,34799210.0,0.07238605898123325,0.39946380697050937,0.07238605898123325,0.1581769436997319,0.2225201072386059,澳洲,4.0,2018.0,棗,閹,1679600.0,1679600.0,2.0,2.0,0.0,9.0,文家良,61,52.0,0.2222222222222222,0.4444444444444444,0.4444444444444444,4.0,"[8, 2, 4, 2, 1, 7]",8,4.0,4.0,100.0,0.0,61,0.0,-1.520595255385616,-0.2797308488139427,-1.52542553961938,-0.8681083302652164,-1.7781165886260717,-1.898145997664872,-1.952372351289657,-0.6653564663166435,-0.6355723686165123,-0.8853347365994431,-0.2780085933453292,-0.4565581510402312,1.2724287472202622,1.7289306750391886,1.141628407934829,-0.8459263548616174,0.6831471598972921,-1.0887504432402935,-1.0145375695152308,0.0,0.0,-1.5205952553856175
106,2022,9,11,飛馬將軍,波健士,丁冠豪,119,1013,5,61,9/14/7/10/9/9,24.0,波健士,18.0,24.0,20.0,44.0,30.0,387.0,35957000.0,0.046511627906976744,0.35142118863049093,0.046511627906976744,0.10852713178294573,0.16020671834625322,丁冠豪,26.0,20.0,25.0,17.0,22.0,335.0,31164740.0,0.07761194029850746,0.3283582089552239,0.07761194029850746,0.1373134328358209,0.21194029850746268,巴西,5.0,2017.0,棗,閹,0.0,0.0,0.0,0.0,0.0,5.0,丁冠豪,61,78.0,0.0,0.0,0.0,5.0,"[9, 14, 7, 10, 9, 9]",9,10.0,9.666666666666666,100.0,0.0,61,0.0,-1.520595255385616,-1.2061512943482906,-0.41602514716892186,1.237781255593466,-0.12192146433414884,-0.04893839500128149,-0.17912531377614072,-0.5004919339345867,-1.115974589361674,-1.072453568363485,-1.0847958177468104,-0.7567607709023009,-1.0125038708989749,-1.136208324252747,-1.4570681327852892,0.07690239589651036,0.931564308950853,1.4197305779853424,1.3293544370658226,0.0,0.0,-1.5205952553856175
107,2022,9,12,芙蓉莊,希威森,姚本輝,119,1024,12,61,3/9/10/10/9/7,19.0,希威森,18.0,17.0,21.0,19.0,19.0,240.0,20595830.0,0.075,0.39166666666666666,0.075,0.14583333333333334,0.23333333333333334,姚本輝,38.0,47.0,44.0,44.0,31.0,438.0,52789140.0,0.0867579908675799,0.4657534246575342,0.0867579908675799,0.19406392694063926,0.2945205479452055,澳洲,7.0,2015.0,棗,閹,1869000.0,4475635.0,5.0,2.0,5.0,48.0,姚本輝,61,59.0,0.10416666666666667,0.14583333333333334,0.25,7.0,"[3, 9, 10, 10, 9, 7]",3,8.0,8.0,100.0,0.0,61,0.0,-1.520595255385616,-1.0738055164148124,1.52542553961938,0.6147369994222581,0.8924980492946538,0.586726718414328,0.6302761565727709,-0.21195508078629044,0.190759621106166,0.38809455630038026,1.0650524431987265,2.470417392614949,0.05855829384441769,-0.1960845901100806,0.00469867136977729,1.9225598974127658,-0.5589385853705118,0.5835702375767972,0.6399744351302188,0.0,0.0,-1.5205952553856175
